area_fips,locality_name,economic_momentum_score_final,structural_strength_score_final,forward_development_score,regional_opportunity_score,opportunity_rank
51760,Richmond city,0.5341993350041712,1.903689005149753,1.4821543454059714,1.2505094721555747,1
51179,Stafford County,1.9852578195813666,0.12501688982104325,1.6314899808863874,1.2457315344915085,2
51075,Goochland County,1.2402318364993816,0.6789221757572677,1.8707496276989328,1.2014029030395297,3
51041,Chesterfield County,0.49298863108128166,1.2964395739790906,1.6925621625672838,1.0740898439670152,4
51069,Frederick County,1.6108823849989773,0.09578929105533496,1.452862764793152,1.041094897067246,5
51550,Chesapeake city,0.3132533170305072,1.045304171388975,2.0641245738668466,1.0071889302650558,6
51003,Albemarle County,0.30032618427456276,1.5273661543000359,0.6873334519930341,0.8265419907130962,7
51107,Loudoun County,1.2820023270660617,0.6241767680974168,0.33679159058169916,0.8154606973059453,8
51153,Prince William County,0.6178857623413467,0.7557257529317776,1.144871970793883,0.7978763111611316,9
51143,Pittsylvania County,0.4876381941971058,0.2211993975119264,2.0275515454098896,0.779362953160489,10
51820,Waynesboro city,1.2969571537380276,0.46764106549682305,0.3572801002748428,0.7717772594878098,11
51087,Henrico County,-0.15195064415121876,0.9571298953605263,1.944926073332078,0.7604467240487162,12
51149,Prince George County,1.212651029174188,-0.5247933052635092,1.7941792326474157,0.749927562989301,13
51710,Norfolk city,0.04454623959669697,1.2004174402362702,1.2444683600448532,0.7490816899325866,14
51191,Washington County,0.3958534738639412,1.4834574957957392,0.17376372271484036,0.7209924437527954,15
51013,Arlington County,-0.16076878963137295,0.7472293872363118,1.933613265327912,0.6806260860121379,16
51059,Fairfax County,-0.002181280822238143,0.25362523309190255,2.34706556366691,0.6746627101699982,17
51067,Franklin County,0.8127853423440741,0.1930670949278856,1.0064761773147861,0.6443066644910861,18
51061,Fauquier County,0.5312601359059115,0.9228271101576075,0.22951626906274492,0.5928726101832135,19
51137,Orange County,-0.3139626390439082,0.8836083894874867,1.5871570033384852,0.5804671315376784,20
51600,Fairfax city,1.5094742017318739,0.3034361543749086,-0.6527373416237457,0.5468079993180311,21
51023,Botetourt County,0.2863804972339761,0.1599855027682467,1.3677492023875162,0.5124844254593558,22
51540,Charlottesville city,-0.7434682987294607,1.7848247699124398,0.7073335889934058,0.504134747225921,23
51810,Virginia Beach city,-0.24399668673919728,0.45836721588571017,1.7586295012530127,0.5024872261775728,24
51015,Augusta County,0.7665339279790898,-0.3854684991671744,1.307893294917362,0.49867292021246545,25
51770,Roanoke city,-0.24899107834859202,0.5370946801599514,1.4958976903855632,0.462361129312937,26
51590,Danville city,-0.17630666685990348,0.2845955203802829,1.4766631225498412,0.39825154602659796,27
51165,Rockingham County,-0.44312944574180746,0.2762460812489803,1.8938178490766227,0.39288881240957574,28
51775,Salem city,-0.033761648586609724,0.19626955568127813,1.3002326582816641,0.3802478496242195,29
51740,Portsmouth city,-0.5233103088596789,0.8723180333483151,1.0524011294612337,0.3590874704933471,30
51800,Suffolk city,1.9852578195813666,-0.8538495656469557,-0.6527373416237457,0.3320714444501758,31
51660,Harrisonburg city,-0.2926974973263524,0.3551977026221607,1.1940765242831604,0.3057593280580054,32
51047,Culpeper County,0.26594237000533405,0.8534017126891755,-0.6527373416237457,0.24188321203740862,33
51790,Staunton city,-0.15738319243090937,1.2224626490975947,-0.6527373416237457,0.20172431480585792,34
51019,Bedford County,-0.13048000628765224,1.1915648950635962,-0.6527373416237457,0.2016713753512613,35
51199,York County,0.407390221640911,0.379134667764447,-0.6527373416237457,0.1324688869679844,36
51095,James City County,-0.4005552094804443,-0.08911556416069666,1.2778762345308694,0.1280565273842958,37
51610,Falls Church city,-0.44712292825668315,1.3096711148653717,-0.6527373416237457,0.11635138349427035,38
51085,Hanover County,0.03573907703208811,0.7334361662316147,-0.6527373416237457,0.10781395358796395,39
51177,Spotsylvania County,0.34228257895278646,0.29321915408972543,-0.6527373416237457,0.07635540010658207,40
51161,Roanoke County,-0.8100676916174729,0.07660698082360701,1.3783977001041545,0.047384791667311854,41
51680,Lynchburg city,-1.1276517638937558,0.2662867797502037,1.5651915385849504,0.03343755200130655,42
51187,Warren County,-0.18264867444264946,0.7387884501883736,-0.6527373416237457,0.022332152382934484,43
51171,Shenandoah County,-1.076424929084722,0.17941223872280035,1.4984917870818641,0.006847258689557267,44
51073,Gloucester County,0.24491632266272556,0.12923531162401652,-0.6527373416237457,-0.01998544727244042,45
51083,Halifax County,-0.13176567927504335,0.3252265327781658,-0.6527373416237457,-0.10206132064359574,46
51683,Manassas city,0.4980147063421899,-0.4044936898953365,-0.6527373416237457,-0.10555124433242821,47
51117,Mecklenburg County,-0.3624217894946418,0.44668528779404326,-0.6527373416237457,-0.15181320047587804,48
51031,Campbell County,0.355491500731704,-0.47966817097387393,-0.6527373416237457,-0.18887159495411068,49
51089,Henry County,-0.7382946073631281,-1.0272431057603755,1.7419897658358148,-0.21935548850242897,50
51197,Wythe County,0.2559591354642584,-0.5311717154109118,-0.6527373416237457,-0.2467107816140522,51
51121,Montgomery County,-0.08603940727781437,-0.2526199226090603,-0.6527373416237457,-0.2860170712302333,52
51630,Fredericksburg city,0.3448608543524684,-1.039966416029067,-0.6527373416237457,-0.3892282392751225,53
51650,Hampton city,-0.9115203798268474,0.3931019627962311,-0.6527373416237457,-0.39020680035799454,54
51510,Alexandria city,-0.9853986608496558,0.2761282278029786,-0.6527373416237457,-0.4606989200147563,55
51690,Martinsville city,-1.228931707218083,0.519730454737822,-0.6527373416237457,-0.47285135913493204,56
51155,Pulaski County,-0.837449877257006,-1.2188207014111279,0.9299462938190729,-0.5290806229419289,57
51001,Accomack County,-0.06684936534875457,-1.028788671846983,-0.6527373416237457,-0.5500001166918823,58
51840,Winchester city,-0.5714654840831096,-1.1570086352572977,0.3148979689217581,-0.5548147237428585,59
51195,Wise County,-1.5279879589421825,0.5407395628121415,-0.6527373416237457,-0.58512067199856,60
51700,Newport News city,-0.25476919527606595,-0.9755471218701326,-0.6527373416237457,-0.6065335061709092,61
51185,Tazewell County,-0.701993060517301,-0.6751021757605203,-0.6527373416237457,-0.680267321129039,62
51093,Isle of Wight County,-1.6719882587474915,0.09126879311975258,-0.6527373416237457,-0.8000355613130197,63
51173,Smyth County,-1.3428009485266243,-1.3958718256964753,-0.6527373416237457,-1.1888598538103523,64
