area_fips,locality_name,matched_employment_2019,matched_employment_2025,employment_change,employment_growth_pct,total_regional_competitive_effect,announced_project_count,total_announced_investment_usd,total_announced_jobs,distinct_strategic_themes,industry_hhi,published_industry_count,diversification_score,diversification_coverage_eligible,industry_code,industry_title,location_quotient,competitive_effect_rate,competitive_effect_rate_winsorized,employment_growth_z,competitive_effect_z,economic_momentum_score,employment_growth_winsorized,employment_growth_z_final,competitive_effect_z_final,economic_momentum_score_final,momentum_ranking_eligible,specialization_log,specialization_log_winsorized,specialization_z,diversification_z,structural_strength_score,specialized_industry_count,ranking_eligible_specialization_count,specialization_breadth_z,diversification_z_final,structural_strength_score_final,investment_log,jobs_log,project_count_log,investment_signal_z,jobs_signal_z,project_count_signal_z,forward_development_score,comprehensive_framework_eligible,regional_opportunity_score,opportunity_score_momentum_focused,opportunity_score_forward_focused,regional_economic_profile
51001,Accomack County,8386.0,8289.0,-97.0,-0.0115668972096351,32.32391666360361,0.0,0.0,0.0,0.0,0.21524422340896265,13,0.7847557765910373,True,11,"Agriculture, Forestry, Fishing and Hunting",17.825566052338548,0.003854509499594993,0.003854509499594993,-0.17399832708008445,0.06127798677865618,-0.05636017015071414,-0.0115668972096351,-0.19497671747616532,0.06127798677865618,-0.06684936534875457,True,2.9352158424152193,2.9352158424152193,1.6592683041041552,-1.3888697912534549,0.13519925642535013,4,3,-0.6687075524405108,-1.3888697912534549,-1.028788671846983,0.0,0.0,0.0,-0.7003328303230796,-0.6115735048409917,-0.6398740377905857,-0.6527373416237457,True,-0.5500001166918823,-0.4726087525532213,-0.5897863478082195,Current Vulnerability / Limited Signal
51003,Albemarle County,38633.0,40694.0,2061.0,0.0533481738410167,665.5925899597108,1.0,4500000000.0,0.0,1.0,0.1012508456241645,20,0.8987491543758355,True,11,"Agriculture, Forestry, Fishing and Hunting",13.118703080526831,0.017228602230210204,0.017228602230210204,0.3181897906346787,0.19012650081182822,0.25415814572325346,0.0533481738410167,0.4105258677372973,0.19012650081182822,0.30032618427456276,True,2.647500378025597,2.647500378025597,1.2474347319745915,1.235660714898263,1.2415477234364274,8,7,1.8190715937018087,1.235660714898263,1.5273661543000359,22.227343233944907,0.0,0.6931471805599453,1.9632046449427367,-0.6115735048409917,0.7334049797616804,0.6873334519930341,True,0.8265419907130962,0.7458396288258989,0.8232410823695931,Broad-Based Opportunity Leader
51005,Alleghany County,910.0,789.0,-121.0,-0.1329670329670329,-109.45979117931608,0.0,0.0,0.0,0.0,0.2871551814074424,7,,False,62,Health Care and Social Assistance,3.009510652922523,-0.12028548481243526,-0.12028548481243526,-1.0944579883215764,-1.1347099670491276,-1.114583977685352,-0.1329670329670329,-1.3273500609330793,-1.1347099670491276,-1.2310300139911035,False,1.3886692021818614,1.3886692021818614,-0.5544459592687954,,,4,3,-0.6687075524405108,,,0.0,0.0,0.0,-0.7003328303230796,-0.6115735048409917,-0.6398740377905857,-0.6527373416237457,False,,,,Not Ranked — Data Coverage / Scale
51007,Amelia County,1155.0,1207.0,52.0,0.045021645021645,29.95126385136772,0.0,0.0,0.0,0.0,0.21938787067156576,7,,False,23,Construction,5.68516257320242,0.025931830174344347,0.025931830174344347,0.2550577863038734,0.2739750287442406,0.26451640752405703,0.045021645021645,0.33285923895012376,0.2739750287442406,0.30341713384718216,False,1.8998905293610322,1.8998905293610322,0.17731208428184644,,,5,4,-0.046762765904930885,,,0.0,0.0,0.0,-0.7003328303230796,-0.6115735048409917,-0.6398740377905857,-0.6527373416237457,False,,,,Not Ranked — Data Coverage / Scale
51009,Amherst County,4005.0,3931.0,-74.0,-0.0184769038701622,-37.37778143525273,0.0,0.0,0.0,0.0,0.2331756117887282,10,0.7668243882112717,True,31-33,Manufacturing,5.239528298053336,-0.009332779384582454,-0.009332779384582454,-0.22639021569078263,-0.06577082401378023,-0.14608051985228143,-0.0184769038701622,-0.25943057740534414,-0.06577082401378023,-0.16260070070956217,False,1.8309045862633384,1.8309045862633384,0.07856616725954677,-1.8017137365323992,-0.8615737846364262,4,4,-0.046762765904930885,-1.8017137365323992,-0.924238251218665,0.0,0.0,0.0,-0.7003328303230796,-0.6115735048409917,-0.6398740377905857,-0.6527373416237457,False,,,,Not Ranked — Data Coverage / Scale
51011,Appomattox County,1668.0,1865.0,197.0,0.1181055155875299,201.5133417210425,0.0,0.0,0.0,0.0,0.21432540196002745,9,,False,23,Construction,3.3923502171052453,0.12081135594786721,0.12081135594786721,0.8091819997868238,1.1880621488451426,0.9986220743159833,0.1181055155875299,1.0145572152262363,1.1880621488451426,1.1013096820356894,False,1.4798644408062438,1.4798644408062438,-0.42390983753629236,,,5,4,-0.046762765904930885,,,0.0,0.0,0.0,-0.7003328303230796,-0.6115735048409917,-0.6398740377905857,-0.6527373416237457,False,,,,Not Ranked — Data Coverage / Scale
51013,Arlington County,134946.0,135689.0,743.0,0.0055059060661301,-4341.499394881371,4.0,30600000.0,924.0,4.0,0.16901948081682802,15,0.830980519183172,True,54,"Professional, Scientific, and Technical Services",2.5870029791972664,-0.03217212362634958,-0.03217212362634958,-0.04455179374953294,-0.2858093437338695,-0.16518056874170123,0.0055059060661301,-0.03572823552887637,-0.2858093437338695,-0.16076878963137295,True,1.2773170291038196,1.2773170291038196,-0.7138345527891563,-0.32461281922918506,-0.5192236860091707,7,7,1.8190715937018087,-0.32461281922918506,0.7472293872363118,17.236510599602347,6.829793737512425,1.6094379124341003,1.3651453260921618,2.19449728963595,2.548781095183336,1.933613265327912,True,0.6806260860121379,0.5305070744207895,0.9493834854126464,Investment-Led Renewal
51015,Augusta County,22368.0,25050.0,2682.0,0.1199034334763948,1108.8532154924694,1.0,19000000.0,214.0,1.0,0.1593605220696331,16,0.8406394779303669,True,31-33,Manufacturing,4.000753881218338,0.049573194540972344,0.049573194540972344,0.8228138699704926,0.5017403605475499,0.6622771152590212,0.1199034334763948,1.0313274954106297,0.5017403605475499,0.7665339279790898,True,1.6095886773121726,1.6095886773121726,-0.23822362207562622,-0.10222944589383795,-0.1702265339847321,3,3,-0.6687075524405108,-0.10222944589383795,-0.3854684991671744,16.759949589762293,5.3706380281276624,0.6931471805599453,1.3080382712543612,1.5949924761582035,0.7334049797616804,1.307893294917362,True,0.49867292021246545,0.529205073222865,0.6374769466105195,High-Momentum Emerging Opportunity
51017,Bath County,207.0,216.0,9.0,0.0434782608695652,10.185187920226618,0.0,0.0,0.0,0.0,0.4260545267489712,3,,False,54,"Professional, Scientific, and Technical Services",4.222605705982646,0.04920380637790636,0.04920380637790636,0.24335579894672754,0.49818160580648674,0.37076870237660714,0.0434782608695652,0.31846315066220354,0.49818160580648674,0.40832237823434514,False,1.6529964547382707,1.6529964547382707,-0.17609008304768428,,,3,1,-1.9125971255116705,,,0.0,0.0,0.0,-0.7003328303230796,-0.6115735048409917,-0.6398740377905857,-0.6527373416237457,False,,,,Not Ranked — Data Coverage / Scale
51019,Bedford County,14109.0,14113.0,4.0,0.0002835069813594,-293.8642045816126,0.0,0.0,0.0,0.0,0.10340767046708281,16,0.8965923295329172,True,42,Wholesale Trade,2.131523345145083,-0.020828138392629713,-0.020828138392629713,-0.08414818845243582,-0.17651926551920966,-0.13033372698582274,0.0002835069813594,-0.08444074705609482,-0.17651926551920966,-0.13048000628765224,True,1.1415195778956935,1.1415195778956935,-0.9082139183049361,1.1860029829609637,0.1388945323280138,7,6,1.1971268071662289,1.1860029829609637,1.1915648950635962,0.0,0.0,0.0,-0.7003328303230796,-0.6115735048409917,-0.6398740377905857,-0.6527373416237457,True,0.2016713753512613,0.1616819970505036,0.05723052998328487,"Structurally Strong, Slower Momentum"
51021,Bland County,727.0,842.0,115.0,0.1581843191196698,140.04597445701222,1.0,3600000.0,52.0,1.0,0.5254330940552031,5,,False,31-33,Manufacturing,10.508566074926977,0.1926354531733318,0.1926354531733318,1.1130607532330263,1.8800289525514213,1.4965448528922238,0.1581843191196698,1.388396737515868,1.8800289525514213,1.6342128450336446,False,2.443091634167309,2.443091634167309,0.9548457210353787,,,1,1,-1.9125971255116705,,,15.096444681204078,3.970291913552122,0.6931471805599453,1.1086978634692846,1.019650015567162,0.7334049797616804,0.9980201475669147,False,,,,Not Ranked — Data Coverage / Scale
51023,Botetourt County,8205.0,8413.0,208.0,0.025350396099939,340.0185117932084,1.0,29950000.0,270.0,1.0,0.13899165949571016,16,0.8610083405042899,True,42,Wholesale Trade,8.672175599539324,0.04144040363110401,0.04144040363110401,0.1059097560672828,0.42338752983326633,0.26464864295027457,0.025350396099939,0.14937346463468576,0.42338752983326633,0.2863804972339761,True,2.269253268600467,2.269253268600467,0.7060149005703122,0.36673377144142427,0.5363743360058683,5,4,-0.046762765904930885,0.36673377144142427,0.1599855027682467,17.215039915914712,5.602118820879701,0.6931471805599453,1.3625724603196003,1.6900980557683498,0.7334049797616804,1.3677492023875162,True,0.5124844254593558,0.4647357399249653,0.6810094809556733,Broad-Based Opportunity Leader
51025,Brunswick County,1490.0,1214.0,-276.0,-0.185234899328859,-286.6972422679537,0.0,0.0,0.0,0.0,0.17542997809737565,7,,False,31-33,Manufacturing,3.1948746574048554,-0.19241425655567362,-0.17861469877244548,-1.4907546008835628,-1.6966645380882468,-1.5937095694859047,-0.16726969521561433,-1.6473119794067361,-1.6966645380882468,-1.6719882587474915,False,1.4338634604274554,1.4338634604274554,-0.4897552661476775,,,6,6,1.1971268071662289,,,0.0,0.0,0.0,-0.7003328303230796,-0.6115735048409917,-0.6398740377905857,-0.6527373416237457,False,,,,Not Ranked — Data Coverage / Scale
51027,Buchanan County,2661.0,2232.0,-429.0,-0.161217587373168,-527.6699400221305,0.0,0.0,0.0,0.0,0.1723459774238019,12,0.8276540225761981,True,42,Wholesale Trade,3.564024717024089,-0.1982976099293989,-0.17861469877244548,-1.3086545835421945,-1.6966645380882468,-1.5026595608152207,-0.161217587373168,-1.5908602666491156,-1.6966645380882468,-1.6437624023686812,False,1.5182048476346144,1.5182048476346144,-0.36902969150546916,-0.4012005297898352,-0.3851151106476522,5,5,0.575182020630649,-0.4012005297898352,0.08699074542040691,0.0,0.0,0.0,-0.7003328303230796,-0.6115735048409917,-0.6398740377905857,-0.6527373416237457,False,,,,Not Ranked — Data Coverage / Scale
51029,Buckingham County,1694.0,1551.0,-143.0,-0.0844155844155844,-245.59942338293084,0.0,0.0,0.0,0.0,0.15202645825305186,12,0.8479735417469482,True,62,Health Care and Social Assistance,1.9104324905152688,-0.14498195004895564,-0.14498195004895564,-0.726339372904569,-1.3726403382296157,-1.0494898555670924,-0.0844155844155844,-0.8744809946599811,-1.3726403382296157,-1.1235606664447984,False,1.068301692310416,1.0834401683809647,-0.9913483119961821,0.06662662798283298,-0.4623608420066746,3,2,-1.2906523389760907,0.06662662798283298,-0.6120128554966289,0.0,0.0,0.0,-0.7003328303230796,-0.6115735048409917,-0.6398740377905857,-0.6527373416237457,False,,,,Not Ranked — Data Coverage / Scale
51031,Campbell County,13823.0,14438.0,615.0,0.0444910656152788,514.9876788093487,0.0,0.0,0.0,0.0,0.16754342468806002,16,0.83245657531194,True,31-33,Manufacturing,4.798408696539205,0.03725585464872667,0.03725585464872667,0.25103491649735604,0.38307280126524174,0.3170538588812989,0.0444910656152788,0.3279102001981662,0.38307280126524174,0.355491500731704,True,1.7575835172423977,1.7575835172423977,-0.026385013697348164,-0.2906287895072371,-0.15850690160229264,5,3,-0.6687075524405108,-0.2906287895072371,-0.47966817097387393,0.0,0.0,0.0,-0.7003328303230796,-0.6115735048409917,-0.6398740377905857,-0.6527373416237457,True,-0.18887159495411068,-0.09670216925105932,-0.2983479377221493,Momentum-Led Growth
51033,Caroline County,2405.0,2757.0,352.0,0.1463617463617463,283.4384743115614,1.0,3000000000.0,50.0,1.0,0.14559424626785059,10,0.8544057537321494,True,22,Utilities,21.668852452404348,0.1178538354725827,0.1178538354725827,1.023421633409406,1.159568842709261,1.0914952380593335,0.1463617463617463,1.278120367900386,1.159568842709261,1.2188446053048234,False,3.1209918435824786,3.1209918435824786,1.9251865589291748,0.21471888478976064,1.0699527218594678,8,7,1.8190715937018087,0.21471888478976064,1.0168952392457846,21.821878125947855,3.9318256327243257,0.6931471805599453,1.9146171237668566,1.0038458622718471,0.7334049797616804,1.3140661903678175,False,,,,Not Ranked — Data Coverage / Scale
51035,Carroll County,2642.0,2117.0,-525.0,-0.1987130961392884,-463.89486972652696,1.0,104800000.0,118.0,1.0,0.2129203994719511,10,0.7870796005280489,True,42,Wholesale Trade,4.878792966152747,-0.1755847349456953,-0.1755847349456953,-1.5929467145321508,-1.6674732991373362,-1.6302100068347434,-0.16726969521561433,-1.6473119794067361,-1.6674732991373362,-1.6573926392720362,False,1.7713514629729716,1.7713514629729716,-0.00667768832595336,-1.3353671498532995,-0.6710224190896265,6,5,0.575182020630649,-1.3353671498532995,-0.38009256461132523,18.4675643393932,4.77912349311153,0.6931471805599453,1.5126644306242565,1.351964395807723,0.7334049797616804,1.292532526525128,False,,,,Not Ranked — Data Coverage / Scale
51036,Charles City County,900.0,1268.0,368.0,0.4088888888888889,263.25619313922874,0.0,0.0,0.0,0.0,0.2881435772354961,7,,False,48-49,Transportation and Warehousing,7.3939070691818545,0.2925068812658097,0.20858674600625912,3.0139107145759017,2.0337066950218166,2.523808704798859,0.2169788118724288,1.9368089441409164,2.0337066950218166,1.9852578195813666,False,2.1275060937495485,2.1275060937495485,0.5031191490959493,,,4,3,-0.6687075524405108,,,0.0,0.0,0.0,-0.7003328303230796,-0.6115735048409917,-0.6398740377905857,-0.6527373416237457,False,,,,Not Ranked — Data Coverage / Scale
51037,Charlotte County,1242.0,1191.0,-51.0,-0.0410628019323671,-107.26112255812588,0.0,0.0,0.0,0.0,0.19420880679573055,12,0.8057911932042694,True,31-33,Manufacturing,5.196041562757856,-0.0863616123656408,-0.0863616123656408,-0.39763720770994226,-0.8078810267192617,-0.602759117214602,-0.0410628019323671,-0.4701030675480703,-0.8078810267192617,-0.638992047133666,False,1.8239106305304864,1.8239106305304864,0.0685550759930866,-0.9045601437644356,-0.4180025338856745,6,4,-0.046762765904930885,-0.9045601437644356,-0.47566145483468325,0.0,0.0,0.0,-0.7003328303230796,-0.6115735048409917,-0.6398740377905857,-0.6527373416237457,False,,,,Not Ranked — Data Coverage / Scale
51041,Chesterfield County,115629.0,124429.0,8800.0,0.0761054752700447,4069.106323968065,2.0,240000000.0,400.0,2.0,0.09429745523761479,20,0.9057025447623852,True,48-49,Transportation and Warehousing,2.0039470969424458,0.03519105348976524,0.03519105348976524,0.49073636839134466,0.3631801202090433,0.42695824430019397,0.0761054752700447,0.62279714195352,0.3631801202090433,0.49298863108128166,True,1.0999271228754588,1.0999271228754588,-0.9677490196279058,1.3957523407919523,0.21400166058202325,7,6,1.1971268071662289,1.3957523407919523,1.2964395739790906,19.29614948547293,5.993961427306569,1.0986122886681098,1.6119550909970874,1.8510894613926485,1.5367217080569466,1.6925621625672838,True,1.0740898439670152,0.9739386202478247,1.213853326545025,Broad-Based Opportunity Leader
51043,Clarke County,2841.0,3032.0,191.0,0.0672298486448433,145.21665255162603,0.0,0.0,0.0,0.0,0.12031187996463397,15,0.879688120035366,True,61,Educational Services,4.855897162182986,0.051114626030139394,0.051114626030139394,0.42344108716476647,0.5165908001895949,0.4700159436771807,0.0672298486448433,0.5400087419723275,0.5165908001895949,0.5282997710809612,False,1.7674492154021804,1.7674492154021804,-0.012263333712871426,0.7968083264743543,0.3922724963807414,5,4,-0.046762765904930885,0.7968083264743543,0.3750227802847117,0.0,0.0,0.0,-0.7003328303230796,-0.6115735048409917,-0.6398740377905857,-0.6527373416237457,False,,,,Not Ranked — Data Coverage / Scale
51045,Craig County,124.0,106.0,-18.0,-0.1451612903225806,-12.490487310605118,0.0,0.0,0.0,0.0,1.0,1,,False,44-45,Retail Trade,7.654607414277788,-0.10072973637584773,-0.10072973637584773,-1.1869152324964045,-0.9463062242596963,-1.0666107283780504,-0.1451612903225806,-1.4410933602014588,-0.9463062242596963,-1.1936997922305776,False,2.1580918281860915,2.1580918281860915,0.5468993202311024,,,1,1,-1.9125971255116705,,,0.0,0.0,0.0,-0.7003328303230796,-0.6115735048409917,-0.6398740377905857,-0.6527373416237457,False,,,,Not Ranked — Data Coverage / Scale
51047,Culpeper County,10917.0,11318.0,401.0,0.0367317028487679,285.7899726203266,0.0,0.0,0.0,0.0,0.1327831060438171,14,0.8672168939561828,True,11,"Agriculture, Forestry, Fishing and Hunting",16.269506668322567,0.02617843479163933,0.02617843479163933,0.1922031830816276,0.2763508638107525,0.23427702344619006,0.0367317028487679,0.2555338761999156,0.2763508638107525,0.26594237000533405,True,2.8489423259325433,2.8489423259325433,1.5357770953552075,0.5096766182121221,1.0227268567836647,6,6,1.1971268071662289,0.5096766182121221,0.8534017126891755,0.0,0.0,0.0,-0.7003328303230796,-0.6115735048409917,-0.6398740377905857,-0.6527373416237457,True,0.24188321203740862,0.2584442304846706,0.07470828815885461,"Established Strength, Limited Recent Pipeline"
51049,Cumberland County,541.0,542.0,1.0,0.0018484288354898,-2.6710889221919167,0.0,0.0,0.0,0.0,0.14394929114046548,10,0.8560507088595345,True,31-33,Manufacturing,2.8646653439242917,-0.004937317785937,-0.004937317785937,-0.07228290155851652,-0.02342412380144475,-0.047853512679980635,0.0018484288354898,-0.06984376344355839,-0.02342412380144475,-0.04663394362250157,False,1.3518750919837936,1.3518750919837936,-0.6071127488984237,0.2525915664925787,-0.1772605912029225,5,3,-0.6687075524405108,0.2525915664925787,-0.20805799297396607,0.0,0.0,0.0,-0.7003328303230796,-0.6115735048409917,-0.6398740377905857,-0.6527373416237457,False,,,,Not Ranked — Data Coverage / Scale
51051,Dickenson County,851.0,876.0,25.0,0.0293772032902467,0.1517716168860694,0.0,0.0,0.0,0.0,0.29315611664461216,5,,False,44-45,Retail Trade,2.6868631618101397,0.0001783450257180604,0.0001783450257180604,0.13644113528816282,0.025861129774495756,0.08115113253132929,0.0293772032902467,0.18693395905338503,0.025861129774495756,0.10639754441394039,False,1.304776004869255,1.304776004869255,-0.6745299985466898,,,3,3,-0.6687075524405108,,,0.0,0.0,0.0,-0.7003328303230796,-0.6115735048409917,-0.6398740377905857,-0.6527373416237457,False,,,,Not Ranked — Data Coverage / Scale
51053,Dinwiddie County,4984.0,4613.0,-371.0,-0.074438202247191,-1118.9360301508168,0.0,0.0,0.0,0.0,0.2544088788951958,11,0.7455911211048042,True,48-49,Transportation and Warehousing,8.903142361063717,-0.22450562402704993,-0.17861469877244548,-0.6506905463731978,-1.6966645380882468,-1.1736775422307222,-0.074438202247191,-0.7814158466312439,-1.6966645380882468,-1.2390401923597454,False,2.292852116985037,2.292852116985037,0.7397940999226289,-2.29057860174761,-0.7753922509124905,2,2,-1.2906523389760907,-2.29057860174761,-1.7906154703618502,0.0,0.0,0.0,-0.7003328303230796,-0.6115735048409917,-0.6398740377905857,-0.6527373416237457,False,,,,Not Ranked — Data Coverage / Scale
51057,Essex County,2155.0,2223.0,68.0,0.0315545243619489,134.2684861988352,0.0,0.0,0.0,0.0,0.20444565050005775,10,0.7955543494999422,True,42,Wholesale Trade,4.168612858488999,0.06230556204122283,0.06230556204122283,0.15294965237975794,0.6244063735307022,0.3886780129552301,0.0315545243619489,0.20724316485748456,0.6244063735307022,0.4158247691940934,False,1.6426043466183222,1.6426043466183222,-0.19096526196124916,-1.1402484715498835,-0.6656068667555664,6,6,1.1971268071662289,-1.1402484715498835,0.028439167808172683,0.0,0.0,0.0,-0.7003328303230796,-0.6115735048409917,-0.6398740377905857,-0.6527373416237457,False,,,,Not Ranked — Data Coverage / Scale
51059,Fairfax County,539560.0,548131.0,8571.0,0.0158851656905626,-5017.516514486674,10.0,41054000.0,1569.0,6.0,0.13085739766912344,20,0.8691426023308766,True,51,Information,2.7612220273873103,-0.009299274435626574,-0.009299274435626574,0.03414408033856879,-0.06544803106081677,-0.01565197536112399,0.0158851656905626,0.061085469416340486,-0.06544803106081677,-0.002181280822238143,True,1.3247439118822357,1.3247439118822357,-0.6459480990976887,0.554013232088736,-0.04596743350447635,4,4,-0.046762765904930885,0.554013232088736,0.25362523309190255,17.530398855617424,7.358830898342354,2.3978952727983707,1.400362417725553,2.411856083071278,4.110890816740888,2.34706556366691,True,0.6746627101699982,0.5444100422498337,1.0142594111476635,Investment-Led Renewal
51061,Fauquier County,15493.0,16721.0,1228.0,0.0792616020138126,620.9640363525446,1.0,320000.0,0.0,1.0,0.12675228602253805,13,0.8732477139774619,True,22,Utilities,3.572814198389976,0.040080296672855134,0.040080296672855134,0.5146662209840077,0.4102840046800888,0.46247511283204823,0.0792616020138126,0.6522362671317342,0.4102840046800888,0.5312601359059115,True,1.520128813714908,1.520128813714908,-0.36627574212987896,0.6485274131489863,0.14112583550955368,6,6,1.1971268071662289,0.6485274131489863,0.9228271101576075,12.676079399771027,0.0,0.6931471805599453,0.8186616876170139,-0.6115735048409917,0.7334049797616804,0.22951626906274492,True,0.5928726101832135,0.588381454812787,0.5280326814441537,Broad-Based Opportunity Leader
51063,Floyd County,2278.0,2483.0,205.0,0.0899912203687445,132.9546094610762,0.0,0.0,0.0,0.0,0.1989854148416625,12,0.8010145851583375,True,62,Health Care and Social Assistance,2.3067093883683647,0.058364622239278394,0.058364622239278394,0.5960185260256377,0.5864386214294823,0.59122857372756,0.0899912203687445,0.7523179823191946,0.5864386214294823,0.6693783018743384,False,1.195953552414676,1.195953552414676,-0.8302975705725657,-1.0145345455770114,-0.9224160580747885,3,3,-0.6687075524405108,-1.0145345455770114,-0.8416210490087611,0.0,0.0,0.0,-0.7003328303230796,-0.6115735048409917,-0.6398740377905857,-0.6527373416237457,False,,,,Not Ranked — Data Coverage / Scale
51065,Fluvanna County,2532.0,2978.0,446.0,0.1761453396524486,349.88319776227,0.0,0.0,0.0,0.0,0.12151772501365504,14,0.878482274986345,True,23,Construction,3.570515585304592,0.13818451728367695,0.13818451728367695,1.249241777842347,1.3554384387562617,1.3023401082993042,0.1761453396524486,1.5559301652646227,1.3554384387562617,1.4556843020104422,False,1.5196260180839536,1.5196260180839536,-0.36699543970048537,0.7690455109639461,0.20102503563173038,7,5,0.575182020630649,0.7690455109639461,0.6721137657972975,0.0,0.0,0.0,-0.7003328303230796,-0.6115735048409917,-0.6398740377905857,-0.6527373416237457,False,,,,Not Ranked — Data Coverage / Scale
51067,Franklin County,10094.0,10953.0,859.0,0.0851000594412522,937.4357102223382,1.0,4900000.0,50.0,1.0,0.163131375913097,14,0.836868624086903,True,31-33,Manufacturing,4.425709184733212,0.0928705874997363,0.0928705874997363,0.5589335894865709,0.9188755529390591,0.738904571212815,0.0851000594412522,0.706695131749089,0.9188755529390591,0.8127853423440741,True,1.691148616179161,1.691148616179161,-0.1214793899311403,-0.18904783077487788,-0.1552636103530091,6,5,0.575182020630649,-0.18904783077487788,0.1930670949278856,15.404745967162468,3.9318256327243257,0.6931471805599453,1.145642091134278,1.0038458622718471,0.7334049797616804,1.0064761773147861,True,0.6443066644910861,0.66560803511336,0.7043462021075024,Broad-Based Opportunity Leader
51069,Frederick County,25563.0,30543.0,4980.0,0.1948128153972538,3893.993133166957,1.0,230000000.0,250.0,1.0,0.11755479646337846,16,0.8824452035366215,True,31-33,Manufacturing,3.0822433969365157,0.15232927016261616,0.15232927016261616,1.3907791681681243,1.49171163698568,1.4412454025769021,0.1948128153972538,1.7300531330122744,1.49171163698568,1.6108823849989773,True,1.406646689493068,1.406646689493068,-0.528713130367871,0.8602861345511807,0.16578650209165485,3,3,-0.6687075524405108,0.8602861345511807,0.09578929105533496,19.253589871235295,5.5254529391317835,0.6931471805599453,1.6068551055304627,1.6585993165715773,0.7334049797616804,1.452862764793152,True,1.041094897067246,1.1247505327747196,1.0931466087335546,Broad-Based Opportunity Leader
51071,Giles County,2530.0,2750.0,220.0,0.0869565217391304,263.1532395644677,1.0,9000000.0,46.0,1.0,0.2273454545454545,9,,False,31-33,Manufacturing,4.620249457536075,0.1040131381677738,0.1040131381677738,0.5730093452273007,1.0262249728237767,0.7996171590255388,0.0869565217391304,0.7240114914560587,1.0262249728237767,0.8751182321399177,False,1.7263760503824406,1.7263760503824406,-0.0710551275590301,,,4,4,-0.046762765904930885,,,16.012735246411598,3.8501476017100584,0.6931471805599453,1.2184984020660683,0.9702878448282639,0.7334049797616804,1.0221954947100689,False,,,,Not Ranked — Data Coverage / Scale
51073,Gloucester County,6583.0,6909.0,326.0,0.0495214947592283,62.08264271217577,0.0,0.0,0.0,0.0,0.16867629190609454,14,0.8313237080939054,True,44-45,Retail Trade,1.969414944455119,0.009430752348803854,0.009430752348803854,0.28917578904952634,0.11500055469266021,0.2020881718710933,0.0495214947592283,0.37483209063279094,0.11500055469266021,0.24491632266272556,True,1.0883649450108954,1.0883649450108954,-0.9842990268430629,-0.316711397382616,-0.6505052121128394,5,5,0.575182020630649,-0.316711397382616,0.12923531162401652,0.0,0.0,0.0,-0.7003328303230796,-0.6115735048409917,-0.6398740377905857,-0.6527373416237457,True,-0.01998544727244042,0.0306812864938186,-0.14884944636347566,"Established Strength, Limited Recent Pipeline"
51075,Goochland County,7518.0,8770.0,1252.0,0.1665336525671721,772.57745169311,2.0,5003300000.0,488.0,2.0,0.12092629454876874,13,0.8790737054512312,True,21,"Mining, Quarrying, and Oil and Gas Extraction",36.29004001742971,0.10276369402675047,0.10276369402675047,1.1763656629741335,1.0141875939764038,1.0952766284752686,0.1665336525671721,1.4662760790223595,1.0141875939764038,1.2402318364993816,True,3.6187262673312026,3.6187262673312026,2.6376395587675825,0.7826623308838863,1.7101509448257344,5,5,0.575182020630649,0.7826623308838863,0.6789221757572677,22.333363531876163,6.192362489474872,1.0986122886681098,1.9759092238798852,1.9326039913389734,1.5367217080569466,1.8707496276989328,True,1.2014029030395297,1.1979424965166576,1.324046054756568,Broad-Based Opportunity Leader
51077,Grayson County,702.0,694.0,-8.0,-0.0113960113960113,23.655552490628388,0.0,0.0,0.0,0.0,0.30014327084285924,6,,False,31-33,Manufacturing,6.494567680183914,0.03369736822026836,0.03369736822026836,-0.1727026654472715,0.3487896765890925,0.0880435055709105,-0.0113960113960113,-0.19338276093801748,0.3487896765890925,0.0777034578255375,False,2.0141784487947336,2.0141784487947336,0.34090288122246004,,,5,2,-1.2906523389760907,,,0.0,0.0,0.0,-0.7003328303230796,-0.6115735048409917,-0.6398740377905857,-0.6527373416237457,False,,,,Not Ranked — Data Coverage / Scale
51079,Greene County,2019.0,2104.0,85.0,0.04210004952947,75.59042999816371,0.0,0.0,0.0,0.0,0.18978433273732911,12,0.8102156672626709,True,44-45,Retail Trade,2.628989189986126,0.037439539375019176,0.037439539375019176,0.2329061570636384,0.384842454318357,0.3088743056909977,0.04210004952947,0.30560773025070914,0.384842454318357,0.3452250922845331,False,1.28895414944064,1.28895414944064,-0.6971772735296574,-0.8026931110858035,-0.7499351923077304,6,5,0.575182020630649,-0.8026931110858035,-0.11375554522757725,0.0,0.0,0.0,-0.7003328303230796,-0.6115735048409917,-0.6398740377905857,-0.6527373416237457,False,,,,Not Ranked — Data Coverage / Scale
51081,Greensville County,1731.0,1213.0,-518.0,-0.2992489890236857,-497.528500075728,0.0,0.0,0.0,0.0,0.2955376931279644,5,,False,31-33,Manufacturing,6.860554677741192,-0.28742258814311267,-0.17861469877244548,-2.3552130277421353,-1.6966645380882468,-2.025938782915191,-0.16726969521561433,-1.6473119794067361,-1.6966645380882468,-1.6719882587474915,False,2.0618571736383666,2.0618571736383666,0.4091498195946896,,,4,4,-0.046762765904930885,,,0.0,0.0,0.0,-0.7003328303230796,-0.6115735048409917,-0.6398740377905857,-0.6527373416237457,False,,,,Not Ranked — Data Coverage / Scale
51083,Halifax County,7255.0,7336.0,81.0,0.0111647139903514,-229.4755472960321,0.0,0.0,0.0,0.0,0.1516509982292549,14,0.8483490017707451,True,31-33,Manufacturing,3.972375318405376,-0.03162998584369843,-0.03162998584369843,-0.0016465334509092378,-0.28058628680560893,-0.1411164101282591,0.0111647139903514,0.01705492825552221,-0.28058628680560893,-0.13176567927504335,True,1.6038976572044523,1.6038976572044523,-0.2463697019013867,0.07527104492568261,-0.08554932848785204,6,5,0.575182020630649,0.07527104492568261,0.3252265327781658,0.0,0.0,0.0,-0.7003328303230796,-0.6115735048409917,-0.6398740377905857,-0.6527373416237457,True,-0.10206132064359574,-0.09886234812882107,-0.20305668059856155,"Structurally Strong, Slower Momentum"
51085,Hanover County,41139.0,42191.0,1052.0,0.0255718418046136,-444.5342109122343,0.0,0.0,0.0,0.0,0.11619079317346877,15,0.8838092068265312,True,71,"Arts, Entertainment, and Recreation",2.4200385690950807,-0.010805663990671488,-0.010805663990671488,0.1075887643899382,-0.07996087014696389,0.013813947121487154,0.0255718418046136,0.1514390242111401,-0.07996087014696389,0.03573907703208811,True,1.2296518285241047,1.2296518285241047,-0.7820621326401759,0.8916903118325802,0.054814089596202153,5,5,0.575182020630649,0.8916903118325802,0.7334361662316147,0.0,0.0,0.0,-0.7003328303230796,-0.6115735048409917,-0.6398740377905857,-0.6527373416237457,True,0.10781395358796395,0.10735292006077932,-0.03034236367038745,"Established Strength, Limited Recent Pipeline"
51087,Henrico County,162061.0,162080.0,19.0,0.0001172398047648,-4071.675482650936,5.0,97750000.0,454.0,4.0,0.09675904817152428,15,0.9032409518284757,True,42,Wholesale Trade,2.0028106190637565,-0.02512433887641651,-0.02512433887641651,-0.0854088314335086,-0.21790966556162505,-0.15165924849756682,0.0001172398047648,-0.08599162274081244,-0.21790966556162505,-0.15195064415121876,True,1.0995487230977479,1.0995487230977479,-0.9682906579874508,1.3390777700904035,0.18539355605147634,5,5,0.575182020630649,1.3390777700904035,0.9571298953605263,18.39792376705993,6.12029741895095,1.791759469228055,1.5043192913848826,1.902995529140706,2.9100007256092124,1.944926073332078,True,0.7604467240487162,0.600148861198964,1.0195242046956234,Investment-Led Renewal
51089,Henry County,11103.0,10338.0,-765.0,-0.0689002972169683,-888.5128270214735,3.0,123000000.0,328.0,3.0,0.18809652768074195,14,0.8119034723192581,True,31-33,Manufacturing,5.191643888758951,-0.08002457236976254,-0.08002457236976254,-0.6087019756331052,-0.7468287966140699,-0.6777653861235875,-0.0689002972169683,-0.7297604181121864,-0.7468287966140699,-0.7382946073631281,True,1.8232006231282385,1.8232006231282385,0.06753877718090243,-0.7638338725446602,-0.3481475476818789,2,2,-1.2906523389760907,-0.7638338725446602,-1.0272431057603755,18.627694921466773,5.796057750765372,1.3862943611198906,1.5318531299573255,1.7697792859752377,2.1066839973139464,1.7419897658358148,True,-0.21935548850242897,-0.3289222822425137,0.1671345923972749,Forward-Looking Turnaround Signal
51091,Highland County,50.0,72.0,22.0,0.44,16.41372418021902,0.0,0.0,0.0,0.0,0.38405872553102866,4,,False,51,Information,37.68529889201426,0.3282744836043804,0.20858674600625912,3.249796141025556,2.0337066950218166,2.641751418023686,0.2169788118724288,1.9368089441409164,2.0337066950218166,1.9852578195813666,False,3.655459654274123,3.655459654274123,2.6902194296244164,,,2,1,-1.9125971255116705,,,0.0,0.0,0.0,-0.7003328303230796,-0.6115735048409917,-0.6398740377905857,-0.6527373416237457,False,,,,Not Ranked — Data Coverage / Scale
51093,Isle of Wight County,8062.0,6696.0,-1366.0,-0.1694368643016621,-1476.6330540603456,0.0,0.0,0.0,0.0,0.14496091748278894,14,0.8550390825172111,True,31-33,Manufacturing,3.839393824056237,-0.18315964451257077,-0.17861469877244548,-1.3709734006510188,-1.6966645380882468,-1.5338189693696327,-0.16726969521561433,-1.6473119794067361,-1.6966645380882468,-1.6719882587474915,True,1.576789469921398,1.576789469921398,-0.2851721403675346,0.22930035214443606,-0.02793589411154926,5,4,-0.046762765904930885,0.22930035214443606,0.09126879311975258,0.0,0.0,0.0,-0.7003328303230796,-0.6115735048409917,-0.6398740377905857,-0.6527373416237457,True,-0.8000355613130197,-0.9391609597625691,-0.7353107763378199,"Structurally Strong, Slower Momentum"
51095,James City County,25159.0,24988.0,-171.0,-0.0067967725267299,-1762.115511467279,1.0,5225000.0,260.0,1.0,0.10660360770192254,16,0.8933963922980774,True,71,"Arts, Entertainment, and Recreation",5.449362187011856,-0.07003917132903847,-0.07003917132903847,-0.13783109116791997,-0.6506275729469597,-0.3942293320574398,-0.0067967725267299,-0.15048284601392886,-0.6506275729469597,-0.4005552094804443,True,1.8639812401835685,1.8639812401835685,0.12591182025376596,1.1124212106546973,0.6191665154542316,3,2,-1.2906523389760907,1.1124212106546973,-0.08911556416069666,15.468965547202691,5.564520407322694,0.6931471805599453,1.1533376243468008,1.6746504720995325,0.7334049797616804,1.2778762345308694,True,0.1280565273842958,0.028562972917742735,0.3642492617200055,Forward-Looking Turnaround Signal
51097,King and Queen County,399.0,434.0,35.0,0.087719298245614,2.0348313822185062,0.0,0.0,0.0,0.0,0.18565828402366852,6,,False,23,Construction,4.2203861489581405,0.0050998280256102915,0.0050998280256102915,0.5787927407760828,0.07327561867840675,0.32603417972724474,0.087719298245614,0.7311263746278808,0.07327561867840675,0.40220099665314374,False,1.6525713740547352,1.6525713740547352,-0.17669854007558544,,,6,1,-1.9125971255116705,,,0.0,0.0,0.0,-0.7003328303230796,-0.6115735048409917,-0.6398740377905857,-0.6527373416237457,False,,,,Not Ranked — Data Coverage / Scale
51099,King George County,4342.0,5466.0,1124.0,0.2588668816213726,1046.2380264799838,0.0,0.0,0.0,0.0,0.3382783720079698,10,0.6617216279920302,True,54,"Professional, Scientific, and Technical Services",3.9370106081369793,0.2409576293136766,0.20858674600625912,1.8764391201109678,2.0337066950218166,1.9550729075663922,0.2169788118724288,1.9368089441409164,2.0337066950218166,1.9852578195813666,False,1.5967600079754463,1.5967600079754463,-0.25658647486778074,-4.221550799321276,-2.2390686370945287,2,2,-1.2906523389760907,-4.221550799321276,-2.7561015691486834,0.0,0.0,0.0,-0.7003328303230796,-0.6115735048409917,-0.6398740377905857,-0.6527373416237457,False,,,,Not Ranked — Data Coverage / Scale
51101,King William County,2437.0,2571.0,134.0,0.054985638079606,75.25086517147612,0.0,0.0,0.0,0.0,0.16316656812113703,11,0.8368334318788629,True,31-33,Manufacturing,4.375702845932989,0.030878483861910597,0.030878483861910597,0.3306050961773261,0.32163201676710607,0.3261185564722161,0.054985638079606,0.42579949855388805,0.32163201676710607,0.373715757660497,False,1.6818893274991613,1.6818893274991613,-0.13473306032578802,-0.18985807980315308,-0.16229557006447054,4,3,-0.6687075524405108,-0.18985807980315308,-0.42928281612183194,0.0,0.0,0.0,-0.7003328303230796,-0.6115735048409917,-0.6398740377905857,-0.6527373416237457,False,,,,Not Ranked — Data Coverage / Scale
51103,Lancaster County,2624.0,2849.0,225.0,0.0857469512195122,221.1418037855464,0.0,0.0,0.0,0.0,0.13679416311918938,13,0.8632058368808107,True,71,"Arts, Entertainment, and Recreation",1.9556937915993715,0.08427660205241859,0.08427660205241859,0.5638383433681236,0.8360794876796361,0.6999589155238799,0.0857469512195122,0.7127290871580593,0.8360794876796361,0.7744042874188477,False,1.0837334089514494,1.0837334089514494,-0.990928569832193,0.41732790585004403,-0.28680033199107446,10,7,1.8190715937018087,0.41732790585004403,1.1181997497759264,0.0,0.0,0.0,-0.7003328303230796,-0.6115735048409917,-0.6398740377905857,-0.6527373416237457,False,,,,Not Ranked — Data Coverage / Scale
51105,Lee County,1701.0,1694.0,-7.0,-0.0041152263374485,-2.032075733658868,1.0,1500000.0,27.0,1.0,0.19061372243727068,16,0.8093862775627293,True,44-45,Retail Trade,2.995870552341306,-0.0011946359398347255,-0.0011946359398347255,-0.11749952331924925,0.012633574023940669,-0.05243297464765429,-0.0041152263374485,-0.12547042403395023,0.012633574023940669,-0.05641842500500478,False,1.3852614659526177,1.3852614659526177,-0.559323765149484,-0.8217885937470348,-0.6905561794482594,9,4,-0.046762765904930885,-0.8217885937470348,-0.43427567982598286,14.220976332738882,3.332204510175204,0.6931471805599453,1.0037891152665304,0.7574871310417872,0.7334049797616804,0.8511914944756631,False,,,,Not Ranked — Data Coverage / Scale
51107,Loudoun County,144351.0,168036.0,23685.0,0.164079223559241,16428.77852166129,1.0,3000000.0,0.0,1.0,0.09866846252844833,16,0.9013315374715517,True,51,Information,2.986617823563917,0.1138113246299734,0.1138113246299734,1.1577561047632905,1.120622536180307,1.1391893204717989,0.164079223559241,1.443382117951816,1.120622536180307,1.2820023270660617,True,1.3829432081649222,1.3829432081649222,-0.5626421004633304,1.2951163020997645,0.36623710081821703,4,4,-0.046762765904930885,1.2951163020997645,0.6241767680974168,14.914123179965662,0.0,0.6931471805599453,1.0868499914143994,-0.6115735048409917,0.7334049797616804,0.33679159058169916,True,0.8154606973059453,0.8956125120785957,0.7065703647817233,Broad-Based Opportunity Leader
51109,Louisa County,2959.0,3328.0,369.0,0.1247042919905373,452.073009201535,0.0,0.0,0.0,0.0,0.17740288249239433,10,0.8225971175076057,True,22,Utilities,109.16077245672776,0.1527789824946046,0.1527789824946046,0.8592141307611948,1.4960442498130502,1.1776291902871225,0.1247042919905373,1.0761080401209502,1.4960442498130502,1.2860761449670002,False,4.701940866530235,3.7965753957235058,2.8922113524711865,-0.51762835987212,1.1872914962995333,5,5,0.575182020630649,-0.51762835987212,0.02877683037926454,0.0,0.0,0.0,-0.7003328303230796,-0.6115735048409917,-0.6398740377905857,-0.6527373416237457,False,,,,Not Ranked — Data Coverage / Scale
51111,Lunenburg County,1122.0,770.0,-352.0,-0.3137254901960784,-360.6656943431405,0.0,0.0,0.0,0.0,0.2142504192507156,8,,False,31-33,Manufacturing,5.3138482450876765,-0.32144892543951914,-0.17861469877244548,-2.4649743165740605,-1.6966645380882468,-2.0808194273311535,-0.16726969521561433,-1.6473119794067361,-1.6966645380882468,-1.6719882587474915,False,1.8427453551760213,1.8427453551760213,0.09551494743170769,,,6,3,-0.6687075524405108,,,0.0,0.0,0.0,-0.7003328303230796,-0.6115735048409917,-0.6398740377905857,-0.6527373416237457,False,,,,Not Ranked — Data Coverage / Scale
51113,Madison County,1885.0,1785.0,-100.0,-0.053050397877984,-77.03901490157462,0.0,0.0,0.0,0.0,0.14484507528501583,11,0.8551549247149841,True,31-33,Manufacturing,2.5974570639447983,-0.040869503926564785,-0.040869503926564785,-0.4885275385515206,-0.36960153436963483,-0.42906453646057774,-0.053050397877984,-0.5819187094026681,-0.36960153436963483,-0.47576012188615147,False,1.2802272247379893,1.2802272247379893,-0.7096689224635199,0.2319674490220196,-0.23885073672075013,6,4,-0.046762765904930885,0.2319674490220196,0.09260234155854435,0.0,0.0,0.0,-0.7003328303230796,-0.6115735048409917,-0.6398740377905857,-0.6527373416237457,False,,,,Not Ranked — Data Coverage / Scale
51115,Mathews County,722.0,703.0,-19.0,-0.0263157894736842,-28.439076260651447,0.0,0.0,0.0,0.0,0.18558747412531937,7,,False,23,Construction,2.704064052324672,-0.039389302300071254,-0.039389302300071254,-0.2858248937668241,-0.3553409946915611,-0.3205829442291926,-0.0263157894736842,-0.33254865955951146,-0.3553409946915611,-0.3439448271255363,False,1.309430609378657,1.309430609378657,-0.6678674355661975,,,5,3,-0.6687075524405108,,,0.0,0.0,0.0,-0.7003328303230796,-0.6115735048409917,-0.6398740377905857,-0.6527373416237457,False,,,,Not Ranked — Data Coverage / Scale
51117,Mecklenburg County,6208.0,5988.0,-220.0,-0.0354381443298969,-213.51139065375344,0.0,0.0,0.0,0.0,0.14110016354598995,13,0.85889983645401,True,22,Utilities,7.694014883839429,-0.03439294308211235,-0.03439294308211235,-0.3549908762287716,-0.3072051342801661,-0.33109800525446886,-0.0354381443298969,-0.41763844470911754,-0.3072051342801661,-0.3624217894946418,True,2.1626348445319428,2.1626348445319428,0.5534021568232339,0.3181885549574375,0.4357953558903357,5,5,0.575182020630649,0.3181885549574375,0.44668528779404326,0.0,0.0,0.0,-0.7003328303230796,-0.6115735048409917,-0.6398740377905857,-0.6527373416237457,True,-0.15181320047587804,-0.1777527767338571,-0.23581588715967788,"Structurally Strong, Slower Momentum"
51119,Middlesex County,1725.0,1553.0,-172.0,-0.0997101449275362,-211.21220292851672,0.0,0.0,0.0,0.0,0.12752188022674843,13,0.8724781197732516,True,71,"Arts, Entertainment, and Recreation",3.823044876395411,-0.12244185677015462,-0.12244185677015462,-0.8423032134706268,-1.1554848583297088,-0.9988940359001678,-0.0997101449275362,-1.0171427183522264,-1.1554848583297088,-1.0863137883409677,False,1.5734054457077413,1.5734054457077413,-0.2900160050622591,0.6308086341676264,0.17039631455268367,8,5,0.575182020630649,0.6308086341676264,0.6029953273991377,0.0,0.0,0.0,-0.7003328303230796,-0.6115735048409917,-0.6398740377905857,-0.6527373416237457,False,,,,Not Ranked — Data Coverage / Scale
51121,Montgomery County,28387.0,28359.0,-28.0,-0.0009863669989784,-294.4603301395475,0.0,0.0,0.0,0.0,0.12080684447770265,20,0.8791931555222974,True,31-33,Manufacturing,2.6809354850195053,-0.010373069719926287,-0.010373069719926287,-0.09377641305423483,-0.0757931759274384,-0.08478479449083662,-0.0009863669989784,-0.09628563862819034,-0.0757931759274384,-0.08603940727781437,True,1.3031669277612248,1.3031669277612248,-0.6768332184123227,0.7854124937579701,0.05428963767282369,5,2,-1.2906523389760907,0.7854124937579701,-0.2526199226090603,0.0,0.0,0.0,-0.7003328303230796,-0.6115735048409917,-0.6398740377905857,-0.6527373416237457,True,-0.2860170712302333,-0.24935314874637443,-0.3626927356155607,Current Vulnerability / Limited Signal
51125,Nelson County,2576.0,2594.0,18.0,0.0069875776397515,-11.553968782470044,0.0,0.0,0.0,0.0,0.1407605862956808,14,0.8592394137043192,True,31-33,Manufacturing,2.8781543276505057,-0.00448523632859862,-0.00448523632859862,-0.033317713110182466,-0.01906868637676932,-0.026193199743475892,0.0069875776397515,-0.021907778218354042,-0.01906868637676932,-0.02048823229756168,False,1.3553593517095266,1.3553593517095266,-0.6021254079081855,0.32600682361435995,-0.13805929214691276,6,4,-0.046762765904930885,0.32600682361435995,0.13962202885471453,0.0,0.0,0.0,-0.7003328303230796,-0.6115735048409917,-0.6398740377905857,-0.6527373416237457,False,,,,Not Ranked — Data Coverage / Scale
51127,New Kent County,2067.0,2334.0,267.0,0.1291727140783744,221.04186438991863,0.0,0.0,0.0,0.0,0.18329202696014202,12,0.816707973039858,True,23,Construction,4.688237739732689,0.10693849268984935,0.10693849268984935,0.8930938480744756,1.0544083861424844,0.9737511171084801,0.1291727140783744,1.1177877468857962,1.0544083861424844,1.0860980665141402,False,1.7384004883456052,1.7384004883456052,-0.05384344500409318,-0.6532172827647937,-0.3535303638844435,7,5,0.575182020630649,-0.6532172827647937,-0.039017631067072345,0.0,0.0,0.0,-0.7003328303230796,-0.6115735048409917,-0.6398740377905857,-0.6527373416237457,False,,,,Not Ranked — Data Coverage / Scale
51131,Northampton County,2402.0,2625.0,223.0,0.0928393005828476,210.8648012116614,0.0,0.0,0.0,0.0,0.18812850793650784,10,0.8118714920634922,True,11,"Agriculture, Forestry, Fishing and Hunting",207.3323450906772,0.08778717785664504,0.08778717785664504,0.617612760107062,0.8699010324293546,0.7437568962682083,0.0928393005828476,0.778883769040573,0.8699010324293546,0.8243924007349638,False,5.339134617492292,3.7965753957235058,2.8922113524711865,-0.7645701710778134,1.0638205906966864,6,4,-0.046762765904930885,-0.7645701710778134,-0.40566646849137217,0.0,0.0,0.0,-0.7003328303230796,-0.6115735048409917,-0.6398740377905857,-0.6527373416237457,False,,,,Not Ranked — Data Coverage / Scale
51133,Northumberland County,1800.0,1547.0,-253.0,-0.1405555555555555,-252.4395575020396,0.0,0.0,0.0,0.0,0.15713594056806304,11,0.842864059431937,True,11,"Agriculture, Forestry, Fishing and Hunting",70.95655009023456,-0.14024419861224421,-0.14024419861224421,-1.1519944061153207,-1.326995953614173,-1.2394951798647469,-0.1405555555555555,-1.3981328540646758,-1.326995953614173,-1.3625644038394245,False,4.276062465885196,3.7965753957235058,2.8922113524711865,-0.05101171616471516,1.4205998181532358,6,6,1.1971268071662289,-0.05101171616471516,0.5730575455007568,0.0,0.0,0.0,-0.7003328303230796,-0.6115735048409917,-0.6398740377905857,-0.6527373416237457,False,,,,Not Ranked — Data Coverage / Scale
51135,Nottoway County,1607.0,1571.0,-36.0,-0.0224019912881145,-2.216189307156238,0.0,0.0,0.0,0.0,0.2103980444409148,10,0.7896019555590852,True,42,Wholesale Trade,4.137880046626725,-0.001379084820881293,-0.001379084820881293,-0.25615035238693507,0.010856558960815837,-0.12264689671305962,-0.0224019912881145,-0.29604226927123617,0.010856558960815837,-0.14259285515521017,False,1.6366405520988379,1.6366405520988379,-0.19950178885811398,-1.277293620890964,-0.7383977048745389,6,4,-0.046762765904930885,-1.277293620890964,-0.6620281933979474,0.0,0.0,0.0,-0.7003328303230796,-0.6115735048409917,-0.6398740377905857,-0.6527373416237457,False,,,,Not Ranked — Data Coverage / Scale
51137,Orange County,6302.0,6109.0,-193.0,-0.0306251983497302,-182.713267155404,1.0,1200000000.0,350.0,1.0,0.130159123497741,11,0.8698408765022589,True,42,Wholesale Trade,4.05265029284263,-0.028992901801873056,-0.028992901801873056,-0.3184989678891396,-0.25518012528020123,-0.2868395465846704,-0.0306251983497302,-0.3727451528076151,-0.25518012528020123,-0.3139626390439082,True,1.6199129160863073,1.6199129160863073,-0.2234455907908268,0.5700899718087444,0.1733221905089588,6,6,1.1971268071662289,0.5700899718087444,0.8836083894874867,20.9055873945737,5.860786223465865,0.6931471805599453,1.804816565258064,1.7963734532073086,0.7334049797616804,1.5871570033384852,True,0.5804671315376784,0.42553259799198895,0.8057565264684676,Investment-Led Renewal
51139,Page County,1704.0,1748.0,44.0,0.0258215962441314,117.10962631652568,0.0,0.0,0.0,0.0,0.3362193985782358,6,,False,31-33,Manufacturing,5.20199569552881,0.06872630652378267,0.06872630652378267,0.10948241043372449,0.6862650283365499,0.3978737193851372,0.0258215962441314,0.15376863667784402,0.6862650283365499,0.42001683250719696,False,1.8248711266323552,1.8248711266323552,0.06992992228954241,,,4,4,-0.046762765904930885,,,0.0,0.0,0.0,-0.7003328303230796,-0.6115735048409917,-0.6398740377905857,-0.6527373416237457,False,,,,Not Ranked — Data Coverage / Scale
51141,Patrick County,2376.0,1982.0,-394.0,-0.1658249158249158,-340.0480127682419,1.0,781000.0,0.0,1.0,0.2034908798128995,14,0.7965091201871005,True,11,"Agriculture, Forestry, Fishing and Hunting",30.170963730849667,-0.1431178504916843,-0.1431178504916843,-1.3435874932911498,-1.3546812539909903,-1.34913437364107,-0.1658249158249158,-1.6338356380583843,-1.3546812539909903,-1.4942584460246873,False,3.4394870118399257,3.4394870118399257,2.381077948457843,-1.1182662753598815,0.6314058365489806,7,5,0.575182020630649,-1.1182662753598815,-0.27154212736461625,13.568331709230735,0.0,0.6931471805599453,0.9255816842457165,-0.6115735048409917,0.7334049797616804,0.272284267714226,False,,,,Not Ranked — Data Coverage / Scale
51143,Pittsylvania County,8893.0,9506.0,613.0,0.0689306195884403,364.85199723128153,3.0,514303600.0,1231.0,2.0,0.13367415328815094,15,0.8663258467118491,True,42,Wholesale Trade,4.272804944703655,0.04102687475894316,0.04102687475894316,0.4363363861430237,0.41940351523422237,0.42786995068862305,0.0689306195884403,0.5558728731599892,0.41940351523422237,0.4876381941971058,True,1.6625624685316227,1.6625624685316227,-0.16239736882422554,0.4891615609287837,0.1633820960522791,5,4,-0.046762765904930885,0.4891615609287837,0.2211993975119264,20.058324312470585,7.116394144093465,1.3862943611198906,1.7032876984547443,2.3122491664130056,2.1066839973139464,2.0275515454098896,True,0.779362953160489,0.7156892254341087,1.0236718956766655,Broad-Based Opportunity Leader
51145,Powhatan County,4513.0,5635.0,1122.0,0.2486151118989585,890.6971475061547,0.0,0.0,0.0,0.0,0.14985433964238143,14,0.8501456603576185,True,23,Construction,4.674009098214998,0.19736254099405157,0.19736254099405157,1.7987098784841185,1.925570601893345,1.8621402401887317,0.2169788118724288,1.9368089441409164,1.925570601893345,1.9311897730171306,False,1.735895939877619,1.735895939877619,-0.05742843528026961,0.11663647651496814,0.029604020617349264,7,6,1.1971268071662289,0.11663647651496814,0.6568816418405985,0.0,0.0,0.0,-0.7003328303230796,-0.6115735048409917,-0.6398740377905857,-0.6527373416237457,False,,,,Not Ranked — Data Coverage / Scale
51147,Prince Edward County,4241.0,4061.0,-180.0,-0.0424428200896015,-113.04878706804044,0.0,0.0,0.0,0.0,0.17365787244098502,14,0.826342127559015,True,72,Accommodation and Food Services,2.340075346617537,-0.026656162949313944,-0.026656162949313944,-0.408100548937612,-0.23266754555607583,-0.3203840472468439,-0.0424428200896015,-0.48297534124850167,-0.23266754555607583,-0.3578214434022887,False,1.2059933656016877,1.2059933656016877,-0.8159266637563743,-0.43140499043811537,-0.6236658270972448,4,3,-0.6687075524405108,-0.43140499043811537,-0.5500562714393131,0.0,0.0,0.0,-0.7003328303230796,-0.6115735048409917,-0.6398740377905857,-0.6527373416237457,False,,,,Not Ranked — Data Coverage / Scale
51149,Prince George County,5880.0,6970.0,1090.0,0.1853741496598639,463.3270681649083,2.0,366000000.0,657.0,2.0,0.17146333834012925,13,0.8285366616598707,True,48-49,Transportation and Warehousing,6.382258407738826,0.0787971204362089,0.0787971204362089,1.3192149066209113,0.7832891356055464,1.0512520211132288,0.1853741496598639,1.6420129227428297,0.7832891356055464,1.212651029174188,True,1.9990796091074188,1.9990796091074188,0.3192905250822359,-0.3808790580865076,-0.030794266502135875,3,3,-0.6687075524405108,-0.3808790580865076,-0.5247933052635092,19.71814389409788,6.489204931325317,1.0986122886681098,1.6625233442469252,2.0545638833431403,1.5367217080569466,1.7941792326474157,True,0.749927562989301,0.8077233695375245,0.92402901023217,High-Momentum Emerging Opportunity
51153,Prince William County,104954.0,114002.0,9048.0,0.0862091964098557,5387.997365181393,1.0,18000000.0,80.0,1.0,0.11425454951280414,20,0.8857454504871959,True,21,"Mining, Quarrying, and Oil and Gas Extraction",2.895135116758848,0.051336751006930595,0.051336751006930595,0.5673431009918246,0.5187307938150079,0.5430369474034162,0.0862091964098557,0.7170407308676855,0.5187307938150079,0.6178857623413467,True,1.3597283685179147,1.3597283685179147,-0.5958716328366587,0.936269485232906,0.17019892619812366,5,5,0.575182020630649,0.936269485232906,0.7557257529317776,16.705882371415992,4.394449154672439,0.6931471805599453,1.3015593115004658,1.1939181256034015,0.7334049797616804,1.144871970793883,True,0.7978763111611316,0.7646350012089832,0.8700322428994905,Broad-Based Opportunity Leader
51155,Pulaski County,10203.0,9370.0,-833.0,-0.0816426541213368,-900.636587811725,1.0,10000000.0,25.0,1.0,0.2047384201525051,11,0.7952615798474949,True,31-33,Manufacturing,5.477320770023844,-0.08827174241024453,-0.08827174241024453,-0.7053149278875551,-0.8262835772933211,-0.7657992525904381,-0.0816426541213368,-0.848616177220691,-0.8262835772933211,-0.837449877257006,True,1.868306963449371,1.868306963449371,0.132103625301085,-1.1469890638461653,-0.5074427192725401,2,2,-1.2906523389760907,-1.1469890638461653,-1.2188207014111279,16.118095750958314,3.258096538021482,0.6931471805599453,1.2311239169249257,0.7270393277419163,0.7334049797616804,0.9299462938190729,True,-0.5290806229419289,-0.5983818902880268,-0.24490265607281098,Forward-Looking Turnaround Signal
51157,Rappahannock County,635.0,735.0,100.0,0.1574803149606299,82.1692433428635,0.0,0.0,0.0,0.0,0.13570826970243874,9,,False,23,Construction,2.39709198917542,0.12940038321710787,0.12940038321710787,1.1077229714776795,1.2708104460884162,1.1892667087830477,0.1574803149606299,1.381830059987824,1.2708104460884162,1.3263202530381202,False,1.2229197683453383,1.2229197683453383,-0.7916983487437985,,,6,2,-1.2906523389760907,,,0.0,0.0,0.0,-0.7003328303230796,-0.6115735048409917,-0.6398740377905857,-0.6527373416237457,False,,,,Not Ranked — Data Coverage / Scale
51159,Richmond County,855.0,954.0,99.0,0.1157894736842105,94.50864072692607,0.0,0.0,0.0,0.0,0.1901891971375355,9,,False,23,Construction,3.5653464356977294,0.11053642190283751,0.11053642190283751,0.79162169697126,1.0890715099915398,0.9403466034813999,0.1157894736842105,0.9929540753509313,1.0890715099915398,1.0410127926712356,False,1.518494400695995,1.518494400695995,-0.36861522761197485,,,5,4,-0.046762765904930885,,,0.0,0.0,0.0,-0.7003328303230796,-0.6115735048409917,-0.6398740377905857,-0.6527373416237457,False,,,,Not Ranked — Data Coverage / Scale
51161,Roanoke County,30976.0,28985.0,-1991.0,-0.0642755681818181,-3079.070175761959,1.0,30000000.0,288.0,1.0,0.11922111836888134,13,0.8807788816311186,True,31-33,Manufacturing,2.2502163708429967,-0.09940180061215002,-0.09940180061215002,-0.5736371341115533,-0.9335126424197652,-0.7535748882656592,-0.0642755681818181,-0.6866227408151806,-0.9335126424197652,-0.8100676916174729,True,1.1787215697695852,1.1787215697695852,-0.8549632901669497,0.8219215140877248,-0.016520888039612436,3,3,-0.6687075524405108,0.8219215140877248,0.07660698082360701,17.216707972959764,5.666426688112432,0.6931471805599453,1.3627723462170562,1.7165194141624898,0.7334049797616804,1.3783977001041545,True,0.047384791667311854,-0.10637221154082349,0.33132086680350203,Investment-Led Renewal
51163,Rockbridge County,3929.0,3619.0,-310.0,-0.078900483583609,-286.8880912019344,0.0,0.0,0.0,0.0,0.1516329572408174,13,0.8483670427591826,True,31-33,Manufacturing,2.6266816564926665,-0.07301809396842311,-0.07301809396842311,-0.6845237043153894,-0.6793270715399256,-0.6819253879276574,-0.078900483583609,-0.8230382748504571,-0.6793270715399256,-0.7511826731951914,False,1.288318085975226,1.288318085975226,-0.6980877295929709,0.0756864122517103,-0.3112006586706303,4,4,-0.046762765904930885,0.0756864122517103,0.014461823173389707,0.0,0.0,0.0,-0.7003328303230796,-0.6115735048409917,-0.6398740377905857,-0.6527373416237457,False,,,,Not Ranked — Data Coverage / Scale
51165,Rockingham County,28017.0,27716.0,-301.0,-0.0107434771745725,-2102.8499908411304,2.0,3100000000.0,646.0,2.0,0.12889237810944354,16,0.8711076218905565,True,31-33,Manufacturing,3.41646690637471,-0.0750562155420327,-0.0750562155420327,-0.16775513038343665,-0.6989627164743589,-0.4333589234288978,-0.0107434771745725,-0.18729617500925602,-0.6989627164743589,-0.44312944574180746,True,1.4853400339959224,1.4853400339959224,-0.41607211804624816,0.5992549284028915,0.09159140517832168,4,4,-0.046762765904930885,0.5992549284028915,0.2762460812489803,21.854667948760092,6.472346294500901,1.0986122886681098,1.9185463797714313,2.047637388891652,1.5367217080569466,1.8938178490766227,True,0.39288881240957574,0.24007267131911492,0.707462130282801,Investment-Led Renewal
51167,Russell County,3111.0,2716.0,-395.0,-0.1269688203150112,-401.451994517894,0.0,0.0,0.0,0.0,0.17835805275452724,9,,False,21,"Mining, Quarrying, and Oil and Gas Extraction",196.38670983495405,-0.1290427497646718,-0.1290427497646718,-1.0489793506636453,-1.2190790976375137,-1.1340292241505794,-0.1269688203150112,-1.2714010615916886,-1.2190790976375137,-1.245240079614601,False,5.285164798668817,3.7965753957235058,2.8922113524711865,,,6,5,0.575182020630649,,,0.0,0.0,0.0,-0.7003328303230796,-0.6115735048409917,-0.6398740377905857,-0.6527373416237457,False,,,,Not Ranked — Data Coverage / Scale
51169,Scott County,1836.0,2003.0,167.0,0.090958605664488,201.66011578664663,1.0,35000000.0,200.0,1.0,0.3920925900216075,7,,False,31-33,Manufacturing,8.294550546808246,0.10983666437181189,0.10983666437181189,0.6033532718729528,1.0823299148888097,0.8428415933808813,0.090958605664488,0.7613413768559291,1.0823299148888097,0.9218356458723693,False,2.229428265707178,2.229428265707178,0.6490097158250008,,,3,2,-1.2906523389760907,,,17.370858648025116,5.303304908059076,0.6931471805599453,1.3812444638944876,1.5673281704724087,0.7334049797616804,1.3261100496990945,False,,,,Not Ranked — Data Coverage / Scale
51171,Shenandoah County,11449.0,10330.0,-1119.0,-0.0977377936937723,-1400.1963989742449,2.0,48725000.0,195.0,2.0,0.1373041049059637,16,0.8626958950940363,True,22,Utilities,5.421801749571526,-0.1222985762052795,-0.1222985762052795,-0.8273487841600408,-1.1541044665344782,-0.9907266253472595,-0.0977377936937723,-0.9987453916349661,-1.1541044665344782,-1.076424929084722,True,1.8596987246787542,1.8596987246787542,0.11978186244357492,0.4055872433505316,0.2626845528970533,4,4,-0.046762765904930885,0.4055872433505316,0.17941223872280035,17.701702823881245,5.278114659230517,1.0986122886681098,1.4208900414874257,1.556978572188761,1.5367217080569466,1.4984917870818641,True,0.006847258689557267,-0.1846904355091481,0.3302929077241692,Investment-Led Renewal
51173,Smyth County,6796.0,5756.0,-1040.0,-0.1530311948204826,-843.1306431473438,0.0,0.0,0.0,0.0,0.24713186848461982,12,0.7528681315153802,True,31-33,Manufacturing,6.266227199854789,-0.12406277856788461,-0.12406277856788461,-1.2465850968087295,-1.171101122491194,-1.2088431096499619,-0.1530311948204826,-1.5145007745620547,-1.171101122491194,-1.3428009485266243,True,1.9832372022139177,1.9832372022139177,0.29661383289983306,-2.1230360989524395,-0.9132111330263032,4,3,-0.6687075524405108,-2.1230360989524395,-1.3958718256964753,0.0,0.0,0.0,-0.7003328303230796,-0.6115735048409917,-0.6398740377905857,-0.6527373416237457,True,-1.1888598538103523,-1.220709490297004,-1.0826967689164282,Current Vulnerability / Limited Signal
51175,Southampton County,1040.0,1250.0,210.0,0.2019230769230769,226.09415122541728,0.0,0.0,0.0,0.0,0.21084769058783298,7,,False,42,Wholesale Trade,11.727191071147868,0.217398222332132,0.20858674600625912,1.4446893954884321,2.0337066950218166,1.7391980452551243,0.2019230769230769,1.796374892593657,2.0337066950218166,1.9150407938077367,False,2.5437407339519704,2.5437407339519704,1.098914022625904,,,3,3,-0.6687075524405108,,,0.0,0.0,0.0,-0.7003328303230796,-0.6115735048409917,-0.6398740377905857,-0.6527373416237457,False,,,,Not Ranked — Data Coverage / Scale
51177,Spotsylvania County,28465.0,30155.0,1690.0,0.0593711575619181,572.3508130278286,0.0,0.0,0.0,0.0,0.12741796742915698,16,0.872582032570843,True,99,Unclassified,2.4088941959312944,0.02010717769287998,0.02010717769287998,0.36385624331874084,0.21785923591155634,0.2908577396151486,0.0593711575619181,0.46670592199401656,0.21785923591155634,0.34228257895278646,True,1.2263879559863193,1.2263879559863193,-0.7867340132047584,0.6332010740843818,-0.07676646956018834,4,4,-0.046762765904930885,0.6332010740843818,0.29321915408972543,0.0,0.0,0.0,-0.7003328303230796,-0.6115735048409917,-0.6398740377905857,-0.6527373416237457,True,0.07635540010658207,0.1285595673785617,-0.07044441673674473,"Established Strength, Limited Recent Pipeline"
51179,Stafford County,25099.0,33133.0,8034.0,0.3200924339615124,6880.4649215388745,2.0,2000000000.0,148.0,2.0,0.115015864109548,13,0.884984135890452,True,48-49,Transportation and Warehousing,3.403811976938084,0.27413303006250744,0.20858674600625912,2.3406531905049883,2.0337066950218166,2.1871799427634024,0.2169788118724288,1.9368089441409164,2.0337066950218166,1.9852578195813666,True,1.4824705242474157,1.4824705242474157,-0.4201795109265551,0.9187413320825973,0.24928091057802113,3,3,-0.6687075524405108,0.9187413320825973,0.12501688982104325,21.416413018006356,5.003946305945459,1.0986122886681098,1.8660296025976337,1.4443344955898612,1.5367217080569466,1.6314899808863874,True,1.2457315344915085,1.3564319729142738,1.2856784051752779,Broad-Based Opportunity Leader
51181,Surry County,225.0,138.0,-87.0,-0.3866666666666666,-107.08023500154609,0.0,0.0,0.0,0.0,0.401806343205209,3,,False,,,,-0.47591215556242705,-0.17861469877244548,-3.0180166189224105,-1.6966645380882468,-2.3573405785053287,-0.16726969521561433,-1.6473119794067361,-1.6966645380882468,-1.6719882587474915,False,,,,,,3,0,-2.5345419120472505,,,0.0,0.0,0.0,-0.7003328303230796,-0.6115735048409917,-0.6398740377905857,-0.6527373416237457,False,,,,Not Ranked — Data Coverage / Scale
51183,Sussex County,987.0,993.0,6.0,0.0060790273556231,39.52897182738241,0.0,0.0,0.0,0.0,0.1809260264272177,8,,False,11,"Agriculture, Forestry, Fishing and Hunting",98.02932094978428,0.04004961684638542,0.04004961684638542,-0.0402063700423369,0.4099884294862389,0.184891029721951,0.0060790273556231,-0.030382382604243384,0.4099884294862389,0.18980302344099778,False,4.595415977494497,3.7965753957235058,2.8922113524711865,,,7,6,1.1971268071662289,,,0.0,0.0,0.0,-0.7003328303230796,-0.6115735048409917,-0.6398740377905857,-0.6527373416237457,False,,,,Not Ranked — Data Coverage / Scale
51185,Tazewell County,7503.0,6869.0,-634.0,-0.0844995335199253,-430.5652351745786,0.0,0.0,0.0,0.0,0.21153375035640354,11,0.7884662496435965,True,42,Wholesale Trade,3.0740217127094467,-0.057385743725786836,-0.057385743725786836,-0.7269758776634893,-0.5287220817151597,-0.6278489796893245,-0.0844995335199253,-0.8752640393194425,-0.5287220817151597,-0.701993060517301,True,1.4046306473705412,1.4046306473705412,-0.5315988766403047,-1.30344158561611,-0.9175202311282074,4,4,-0.046762765904930885,-1.30344158561611,-0.6751021757605203,0.0,0.0,0.0,-0.7003328303230796,-0.6115735048409917,-0.6398740377905857,-0.6527373416237457,True,-0.680267321129039,-0.6840746513115558,-0.6742235075328447,Current Vulnerability / Limited Signal
51187,Warren County,9730.0,9819.0,89.0,0.0091469681397738,-391.529899211544,0.0,0.0,0.0,0.0,0.11572585292936471,13,0.8842741470706352,True,61,Educational Services,3.612764042778474,-0.040239455211875025,-0.040239455211875025,-0.016945146179033036,-0.3635315270583762,-0.19023833661870462,0.0091469681397738,-0.0017658218269227183,-0.3635315270583762,-0.18264867444264946,True,1.5288272527750342,1.5288272527750342,-0.3538248673126952,0.9023948797460981,0.2742850062167015,5,5,0.575182020630649,0.9023948797460981,0.7387884501883736,0.0,0.0,0.0,-0.7003328303230796,-0.6115735048409917,-0.6398740377905857,-0.6527373416237457,True,0.022332152382934484,-0.0002352704895618174,-0.09425300392578106,"Structurally Strong, Slower Momentum"
51191,Washington County,16933.0,17927.0,994.0,0.0587019429516329,539.7579351838418,1.0,100000.0,0.0,1.0,0.1050650869028785,20,0.8949349130971215,True,11,"Agriculture, Forestry, Fishing and Hunting",11.058495254509772,0.03187609609542561,0.03187609609542561,0.3587822370201652,0.3312431998550979,0.3450127184376316,0.0587019429516329,0.46046374787278455,0.3312431998550979,0.3958534738639412,True,2.4897694119148945,2.4897694119148945,1.0216599118875807,1.1478433978896694,1.084751654888625,9,7,1.8190715937018087,1.1478433978896694,1.4834574957957392,11.51293546492023,0.0,0.6931471805599453,0.6792803217472525,-0.6115735048409917,0.7334049797616804,0.17376372271484036,True,0.7209924437527954,0.6777167302136604,0.6332987799838402,Broad-Based Opportunity Leader
51193,Westmoreland County,2009.0,1781.0,-228.0,-0.1134892981582877,-200.5850468494751,0.0,0.0,0.0,0.0,0.12063603845071608,12,0.8793639615492839,True,11,"Agriculture, Forestry, Fishing and Hunting",64.9288704062323,-0.09984322889471135,-0.09984322889471135,-0.9467771881976218,-0.9377654451635388,-0.9422713166805803,-0.1134892981582877,-1.1456693111485643,-0.9377654451635388,-1.0417173781560516,False,4.18857643974974,3.7965753957235058,2.8922113524711865,0.7893450522729648,1.8407782023720758,7,5,0.575182020630649,0.7893450522729648,0.6822635364518069,0.0,0.0,0.0,-0.7003328303230796,-0.6115735048409917,-0.6398740377905857,-0.6527373416237457,False,,,,Not Ranked — Data Coverage / Scale
51195,Wise County,6092.0,5162.0,-930.0,-0.1526592252133946,-992.183533455562,0.0,0.0,0.0,0.0,0.15994332726159216,16,0.8400566727384078,True,22,Utilities,14.717579955622396,-0.16286663385678957,-0.16286663385678957,-1.243764811506771,-1.5449447314328568,-1.394354771469814,-0.1526592252133946,-1.511031186451508,-1.5449447314328568,-1.5279879589421825,True,2.75477982830667,2.75477982830667,1.4009936632578965,-0.11564768154194588,0.6426729908579754,7,6,1.1971268071662289,-0.11564768154194588,0.5407395628121415,0.0,0.0,0.0,-0.7003328303230796,-0.6115735048409917,-0.6398740377905857,-0.6527373416237457,True,-0.58512067199856,-0.732319578952198,-0.5572694554885105,"Structurally Strong, Slower Momentum"
51197,Wythe County,7146.0,7278.0,132.0,0.0184718723761544,298.5938074563149,0.0,0.0,0.0,0.0,0.19903085179765895,16,0.8009691482023411,True,21,"Mining, Quarrying, and Oil and Gas Extraction",51.93422953842738,0.04178474775487194,0.04178474775487194,0.0537565720767079,0.4267050056095474,0.24023078884312765,0.0184718723761544,0.08521326531896942,0.4267050056095474,0.2559591354642584,True,3.9690501908283147,3.7965753957235058,2.8922113524711865,-1.0155806649168928,0.9383153437771469,6,4,-0.046762765904930885,-1.0155806649168928,-0.5311717154109118,0.0,0.0,0.0,-0.7003328303230796,-0.6115735048409917,-0.6398740377905857,-0.6527373416237457,True,-0.2467107816140522,-0.16191941521589348,-0.3436587106334943,Momentum-Led Growth
51199,York County,17160.0,18100.0,940.0,0.0547785547785547,653.2742665397495,0.0,0.0,0.0,0.0,0.11995469002777683,19,0.8800453099722232,True,71,"Arts, Entertainment, and Recreation",1.7193581716871762,0.03806959595219986,0.03806959595219986,0.329034984052284,0.39091253737832565,0.35997376071530485,0.0547785547785547,0.4238679059034963,0.39091253737832565,0.407390221640911,True,1.000395886172001,1.0834401683809647,-0.9913483119961821,0.8050321014338249,-0.09315810528117863,5,4,-0.046762765904930885,0.8050321014338249,0.379134667764447,0.0,0.0,0.0,-0.7003328303230796,-0.6115735048409917,-0.6398740377905857,-0.6527373416237457,True,0.1324688869679844,0.18688804282504043,-0.02513746982789089,"Established Strength, Limited Recent Pipeline"
51510,Alexandria city,65248.0,59389.0,-5859.0,-0.0897958558116723,-7248.483619726585,0.0,0.0,0.0,0.0,0.12890261575946269,13,0.8710973842405373,True,81,Other Services,3.149112475450901,-0.11109127666329366,-0.11109127666329366,-0.7671327604550321,-1.0461312438721364,-0.9066320021635843,-0.0897958558116723,-0.9246660778271751,-1.0461312438721364,-0.9853986608496558,True,1.4228944500338778,1.4228944500338778,-0.5054562182765346,0.599019221510888,0.0467815016171767,4,4,-0.046762765904930885,0.599019221510888,0.2761282278029786,0.0,0.0,0.0,-0.7003328303230796,-0.6115735048409917,-0.6398740377905857,-0.6527373416237457,True,-0.4606989200147563,-0.5404083304086834,-0.4738760665635014,"Structurally Strong, Slower Momentum"
51520,Bristol city,4888.0,5974.0,1086.0,0.2221767594108019,990.8583502913511,0.0,0.0,0.0,0.0,0.17335476384722134,11,0.8266452361527786,True,31-33,Manufacturing,3.8083949117895406,0.2027124284556774,0.2027124284556774,1.5982534554067758,1.9771124196121068,1.7876829375094414,0.2169788118724288,1.9368089441409164,1.9771124196121068,1.9569606818765117,False,1.5703633302553925,1.5703633302553925,-0.29437046434107894,-0.4244263591661207,-0.3593984117535998,3,3,-0.6687075524405108,-0.4244263591661207,-0.5465669558033157,0.0,0.0,0.0,-0.7003328303230796,-0.6115735048409917,-0.6398740377905857,-0.6527373416237457,False,,,,Not Ranked — Data Coverage / Scale
51530,Buena Vista city,177.0,155.0,-22.0,-0.1242937853107344,-12.446637358113552,1.0,19600000.0,57.0,1.0,0.6408834241037121,3,,False,44-45,Retail Trade,6.017494845906238,-0.07031998507408786,-0.07031998507408786,-1.0286971508252016,-0.6533329851568569,-0.8410150679910293,-0.1242937853107344,-1.24644937341804,-0.6533329851568569,-0.9498911792874485,False,1.9484062947906793,1.9484062947906793,0.2467571557307492,,,3,1,-1.9125971255116705,,,16.791040175221152,4.060443010546419,0.6931471805599453,1.311763904976126,1.0566892542452384,0.7334049797616804,1.094062259640882,False,,,,Not Ranked — Data Coverage / Scale
51540,Charlottesville city,28798.0,26781.0,-2017.0,-0.0700395860823668,-2303.712283432588,1.0,200000.0,20.0,1.0,0.10589946087833184,16,0.8941005391216682,True,99,Unclassified,2.081195963427935,-0.07999556508898492,-0.07999556508898492,-0.6173400997715867,-0.7465493350386477,-0.6819447174051172,-0.0700395860823668,-0.7403872624202736,-0.7465493350386477,-0.7434682987294607,True,1.1253178214308845,1.1253178214308845,-0.9314049805366129,1.128633159587491,0.09861408952543904,8,8,2.4410163802373885,1.128633159587491,1.7848247699124398,12.206077645517674,3.044522437723423,0.6931471805599453,0.7623406386855938,0.6392908439170806,0.7334049797616804,0.7073335889934058,True,0.504134747225921,0.3051799994076827,0.5953403769522561,Investment-Led Renewal
51550,Chesapeake city,86858.0,91242.0,4384.0,0.0504731861198738,1971.3030315873052,5.0,728985000.0,522.0,3.0,0.08909955742858754,20,0.9109004425714124,True,42,Wholesale Trade,1.869065426466528,0.022695699090323346,0.022695699090323346,0.2963915429855579,0.24279753582629793,0.2695945394059279,0.0504731861198738,0.38370909823471644,0.24279753582629793,0.3132533170305072,True,1.053986341363301,1.0834401683809647,-0.9913483119961821,1.515426322147301,0.26203900507555944,6,5,0.575182020630649,1.515426322147301,1.045304171388975,20.407163715001325,6.259581464064923,1.791759469228055,1.7450896723438682,1.9602213995186424,2.9100007256092124,2.0641245738668466,True,1.0071889302650558,0.8830428247053155,1.2332170760725834,Broad-Based Opportunity Leader
51570,Colonial Heights city,6691.0,6164.0,-527.0,-0.0787625168136302,-367.5173664379054,0.0,0.0,0.0,0.0,0.30159977276947936,9,,False,44-45,Retail Trade,3.284626315828155,-0.05492712097413024,-0.05492712097413024,-0.6834776359105645,-0.5050352496810192,-0.5942564427957919,-0.0787625168136302,-0.8217513743735165,-0.5050352496810192,-0.6633933120272679,True,1.4550333407389322,1.4550333407389322,-0.4594528719099304,,,5,5,0.575182020630649,,,0.0,0.0,0.0,-0.7003328303230796,-0.6115735048409917,-0.6398740377905857,-0.6527373416237457,False,,,,Not Ranked — Data Coverage / Scale
51580,Covington city,895.0,825.0,-70.0,-0.0782122905027933,-27.969418223447125,0.0,0.0,0.0,0.0,0.4291478433401426,6,,False,44-45,Retail Trade,4.808436990031312,-0.03125074661837668,-0.03125074661837668,-0.6793058026542065,-0.27693262508589156,-0.478119213870049,-0.0782122905027933,-0.8166190769228329,-0.27693262508589156,-0.5467758510043622,False,1.7593115140226185,1.7593115140226185,-0.02391157318160645,,,5,2,-1.2906523389760907,,,0.0,0.0,0.0,-0.7003328303230796,-0.6115735048409917,-0.6398740377905857,-0.6527373416237457,False,,,,Not Ranked — Data Coverage / Scale
51590,Danville city,20735.0,20549.0,-186.0,-0.0089703400048227,-443.3579695708584,2.0,40600000.0,180.0,2.0,0.15518051814544132,13,0.8448194818545587,True,31-33,Manufacturing,2.416116033220101,-0.021382106080099272,-0.021382106080099272,-0.15431114839428847,-0.18185629396596562,-0.16808372118012704,-0.0089703400048227,-0.17075703975384132,-0.18185629396596562,-0.17630666685990348,True,1.2285042429197257,1.2285042429197257,-0.7837047773265798,-0.005990979870083245,-0.39484787859833154,5,5,0.575182020630649,-0.005990979870083245,0.2845955203802829,17.5192786492025,5.198497031265826,1.0986122886681098,1.3990298659128106,1.5242670864333183,1.5367217080569466,1.4766631225498412,True,0.39825154602659796,0.2925579471941014,0.6231519050760503,Investment-Led Renewal
51595,Emporia city,1650.0,1688.0,38.0,0.023030303030303,-48.11800485531444,0.0,0.0,0.0,0.0,0.3559833419421487,6,,False,62,Health Care and Social Assistance,3.127146919544837,-0.029162427185039055,-0.029162427185039055,0.08831873718083358,-0.25681336456990955,-0.08424731369453799,0.023030303030303,0.12773253705248713,-0.25681336456990955,-0.06454041375871121,False,1.4175863497357368,1.4175863497357368,-0.5130541898059519,,,3,3,-0.6687075524405108,,,0.0,0.0,0.0,-0.7003328303230796,-0.6115735048409917,-0.6398740377905857,-0.6527373416237457,False,,,,Not Ranked — Data Coverage / Scale
51600,Fairfax city,16978.0,19876.0,2898.0,0.170691483095771,2625.329985167288,0.0,0.0,0.0,0.0,0.15354387684626766,12,0.8464561231537323,True,72,Accommodation and Food Services,1.5186344171816166,0.15463128667494924,0.15463128667494924,1.2078904652816176,1.5138896951813554,1.3608900802314865,0.170691483095771,1.505058708282392,1.5138896951813554,1.5094742017318739,True,0.9237168566997733,1.0834401683809647,-0.9913483119961821,0.03169028811916818,-0.47982901193850697,5,5,0.575182020630649,0.03169028811916818,0.3034361543749086,0.0,0.0,0.0,-0.7003328303230796,-0.6115735048409917,-0.6398740377905857,-0.6527373416237457,True,0.5468079993180311,0.7152204788536604,0.2827781701825364,"Established Strength, Limited Recent Pipeline"
51610,Falls Church city,9682.0,9408.0,-274.0,-0.0282999380293327,-570.148319240578,0.0,0.0,0.0,0.0,0.12016149864495106,17,0.8798385013550489,True,61,Educational Services,3.266446049681244,-0.05888745292714088,-0.05888745292714088,-0.3008687707443153,-0.5431898293973241,-0.4220293000708197,-0.0282999380293327,-0.3510560271160422,-0.5431898293973241,-0.44712292825668315,True,1.450781173814645,1.450781173814645,-0.4655393890091606,0.8002706360289347,0.16736562350988704,8,7,1.8190715937018087,0.8002706360289347,1.3096711148653717,0.0,0.0,0.0,-0.7003328303230796,-0.6115735048409917,-0.6398740377905857,-0.6527373416237457,True,0.11635138349427035,0.03879240200652079,-0.002330480666891732,"Structurally Strong, Slower Momentum"
51620,Franklin city,1345.0,1158.0,-187.0,-0.1390334572490706,-121.63149284805009,0.0,0.0,0.0,0.0,0.5472570479147837,5,,False,44-45,Retail Trade,5.539344570954047,-0.09043233669000006,-0.09043233669000006,-1.1404538087113514,-0.8470991472151445,-0.9937764779632479,-0.1390334572490706,-1.3839353118821138,-0.8470991472151445,-1.115517229548629,False,1.8778369419383416,1.8778369419383416,0.14574475888337932,,,4,3,-0.6687075524405108,,,0.0,0.0,0.0,-0.7003328303230796,-0.6115735048409917,-0.6398740377905857,-0.6527373416237457,False,,,,Not Ranked — Data Coverage / Scale
51630,Fredericksburg city,18475.0,19534.0,1059.0,0.0573207036535859,418.04523297712143,0.0,0.0,0.0,0.0,0.21621520760011112,11,0.7837847923998889,True,62,Health Care and Social Assistance,2.3149677863383533,0.0226276174818469,0.0226276174818469,0.34830963706430973,0.24214162486008356,0.2952256309621967,0.0573207036535859,0.44758008384485326,0.24214162486008356,0.3448608543524684,True,1.1984479060456188,1.1984479060456188,-0.8267271731030909,-1.411225279617623,-1.1189762263603569,3,3,-0.6687075524405108,-1.411225279617623,-1.039966416029067,0.0,0.0,0.0,-0.7003328303230796,-0.6115735048409917,-0.6398740377905857,-0.6527373416237457,True,-0.3892282392751225,-0.27010696595723505,-0.46962660515247784,Momentum-Led Growth
51640,Galax city,3229.0,2955.0,-274.0,-0.0848559925673583,-163.1738191910996,0.0,0.0,0.0,0.0,0.24886673885947908,9,,False,31-33,Manufacturing,4.907994303676127,-0.050533855432362836,-0.050533855432362836,-0.7296785614125612,-0.4627097066919189,-0.5961941340522401,-0.0848559925673583,-0.878588950950133,-0.4627097066919189,-0.670649328821026,False,1.776306400497397,1.776306400497397,0.0004147688858686689,,,3,3,-0.6687075524405108,,,0.0,0.0,0.0,-0.7003328303230796,-0.6115735048409917,-0.6398740377905857,-0.6527373416237457,False,,,,Not Ranked — Data Coverage / Scale
51650,Hampton city,32680.0,30132.0,-2548.0,-0.0779681762545899,-3503.4884328592902,0.0,0.0,0.0,0.0,0.14575482021324848,12,0.8542451797867515,True,61,Educational Services,2.226661626852287,-0.1072058883983871,-0.1072058883983871,-0.6774549207189956,-1.0086986856822915,-0.8430768032006435,-0.0779681762545899,-0.8143420739714032,-1.0086986856822915,-0.9115203798268474,True,1.1714480506932121,1.1714480506932121,-0.8653745461261317,0.2110219049618132,-0.3271763205821593,5,5,0.575182020630649,0.2110219049618132,0.3931019627962311,0.0,0.0,0.0,-0.7003328303230796,-0.6115735048409917,-0.6398740377905857,-0.6527373416237457,True,-0.39020680035799454,-0.46837706939930357,-0.41662046175868317,"Structurally Strong, Slower Momentum"
51660,Harrisonburg city,22506.0,21903.0,-603.0,-0.026792855238603,-636.6672052208517,2.0,2635000.0,71.0,2.0,0.1490474736151033,14,0.8509525263848967,True,31-33,Manufacturing,2.635163836722029,-0.028288776558288976,-0.028288776558288976,-0.28944202145475845,-0.24839645081670883,-0.26891923613573365,-0.026792855238603,-0.336998543835996,-0.24839645081670883,-0.2926974973263524,True,1.2906541819703288,1.2906541819703288,-0.6947438608143435,0.1352133846136724,-0.27976523810033554,5,5,0.575182020630649,0.1352133846136724,0.3551977026221607,14.784394119464169,4.276666119016055,1.0986122886681098,1.0713043541945153,1.1455261024849124,1.5367217080569466,1.1940765242831604,True,0.3057593280580054,0.19902586698010408,0.49638067130200664,Investment-Led Renewal
51670,Hopewell city,2270.0,1972.0,-298.0,-0.1312775330396475,-216.6341785180481,0.0,0.0,0.0,0.0,0.2522330888010236,7,,False,72,Accommodation and Food Services,3.4105590421961307,-0.09543355881852339,-0.09543355881852339,-1.0816481465439989,-0.8952818578176308,-0.9884650021808148,-0.1312775330396475,-1.311591061409662,-0.8952818578176308,-1.1034364596136463,False,1.4840014483624033,1.4840014483624033,-0.4179881586185649,,,5,5,0.575182020630649,,,0.0,0.0,0.0,-0.7003328303230796,-0.6115735048409917,-0.6398740377905857,-0.6527373416237457,False,,,,Not Ranked — Data Coverage / Scale
51678,Lexington city,370.0,449.0,79.0,0.2135135135135135,89.08317948269156,0.0,0.0,0.0,0.0,0.29232493886439037,5,,False,81,Other Services,7.9812614540235955,0.24076534995322044,0.20858674600625912,1.5325684515629157,2.0337066950218166,1.783137573292366,0.2135135135135135,1.9044859861452,2.0337066950218166,1.9690963405835082,False,2.1951403461706027,2.1951403461706027,0.5999302670939572,,,4,3,-0.6687075524405108,,,0.0,0.0,0.0,-0.7003328303230796,-0.6115735048409917,-0.6398740377905857,-0.6527373416237457,False,,,,Not Ranked — Data Coverage / Scale
51680,Lynchburg city,44995.0,40205.0,-4790.0,-0.1064562729192132,-5601.513915651782,2.0,36100000.0,320.0,1.0,0.12975751906746383,16,0.8702424809325362,True,61,Educational Services,2.0100235977529266,-0.12449191944997848,-0.12449191944997848,-0.8934525688413629,-1.1752355461177106,-1.0343440574795368,-0.1064562729192132,-1.080067981669801,-1.1752355461177106,-1.1276517638937558,True,1.101947918515079,1.101947918515079,-0.9648564692098248,0.5793363254053383,-0.19276007190224326,4,4,-0.046762765904930885,0.5793363254053383,0.2662867797502037,17.40180345100394,5.771441123130016,1.0986122886681098,1.384952628272538,1.7596653641613642,1.5367217080569466,1.5651915385849504,True,0.03343755200130655,-0.17090154030482668,0.3676671201909146,Investment-Led Renewal
51683,Manassas city,13830.0,14842.0,1012.0,0.073174258857556,540.370976564758,0.0,0.0,0.0,0.0,0.18802663143460208,11,0.8119733685653979,True,62,Health Care and Social Assistance,1.9010544597013743,0.03907237719195648,0.03907237719195648,0.4685117930296121,0.4005735196404876,0.43454265633504985,0.073174258857556,0.5954558930438922,0.4005735196404876,0.4980147063421899,True,1.0650742776970752,1.0834401683809647,-0.9913483119961821,-0.7622246138857421,-0.8767864629409621,4,4,-0.046762765904930885,-0.7622246138857421,-0.4044936898953365,0.0,0.0,0.0,-0.7003328303230796,-0.6115735048409917,-0.6398740377905857,-0.6527373416237457,True,-0.10555124433242821,-0.0028882221222551185,-0.23303863171544226,Momentum-Led Growth
51685,Manassas Park city,2319.0,2121.0,-198.0,-0.0853816300129366,-328.98066470735995,0.0,0.0,0.0,0.0,0.2776419206979696,10,0.7223580793020303,True,23,Construction,7.107687772376506,-0.14186315856289777,-0.14186315856289777,-0.7336639611163943,-1.3425933169735143,-1.0381286390449542,-0.0853816300129366,-0.8834918930101411,-1.3425933169735143,-1.1130426049918276,False,2.092812719261267,2.092812719261267,0.45345933544968275,-2.825485349376328,-1.1860130069633226,4,3,-0.6687075524405108,-2.825485349376328,-1.7470964509084195,0.0,0.0,0.0,-0.7003328303230796,-0.6115735048409917,-0.6398740377905857,-0.6527373416237457,False,,,,Not Ranked — Data Coverage / Scale
51690,Martinsville city,5082.0,4353.0,-729.0,-0.1434474616292798,-557.5104648250424,0.0,0.0,0.0,0.0,0.1617683387735743,10,0.8382316612264257,True,56,Administrative and Support and Waste Management,2.961796262516556,-0.10970296434967383,-0.10970296434967383,-1.1739209292477322,-1.032755983043087,-1.1033384561454096,-0.1434474616292798,-1.4251074313930787,-1.032755983043087,-1.228931707218083,True,1.3766975240658574,1.3766975240658574,-0.5715821218082638,-0.15766589769058498,-0.36462400974942444,6,6,1.1971268071662289,-0.15766589769058498,0.519730454737822,0.0,0.0,0.0,-0.7003328303230796,-0.6115735048409917,-0.6398740377905857,-0.6527373416237457,True,-0.47285135913493204,-0.5890941855124441,-0.4738553123935766,"Structurally Strong, Slower Momentum"
51700,Newport News city,80873.0,79169.0,-1704.0,-0.02107007283024,-2099.1202396202543,0.0,0.0,0.0,0.0,0.1836058198701491,15,0.8163941801298509,True,31-33,Manufacturing,5.139937594862944,-0.025955760756003293,-0.025955760756003293,-0.24605170459805276,-0.2259197396561611,-0.23598572212710694,-0.02107007283024,-0.28361865089597077,-0.2259197396561611,-0.25476919527606595,True,1.8148145784042968,1.8148145784042968,0.055535061071912674,-0.6604419047641744,-0.3024534218461309,2,2,-1.2906523389760907,-0.6604419047641744,-0.9755471218701326,0.0,0.0,0.0,-0.7003328303230796,-0.6115735048409917,-0.6398740377905857,-0.6527373416237457,True,-0.6065335061709092,-0.5505962025238219,-0.6301898317933579,Current Vulnerability / Limited Signal
51710,Norfolk city,85512.0,88397.0,2885.0,0.0337379549069136,-1443.7507080152056,2.0,4100000.0,85.0,2.0,0.12965210687158876,14,0.8703478931284112,True,22,Utilities,1.953768353833301,-0.01688360356458983,-0.01688360356458983,0.16950449169047152,-0.1385168782633189,0.015493806713576308,0.0337379549069136,0.22760935745671285,-0.1385168782633189,0.04454623959669697,True,1.0830817632392609,1.0834401683809647,-0.9913483119961821,0.5817632867707317,-0.20479251261272519,7,7,1.8190715937018087,0.5817632867707317,1.2004174402362702,15.226497775576945,4.454347296253507,1.0986122886681098,1.1242823301772717,1.2185277159063876,1.5367217080569466,1.2444683600448532,True,0.7490816899325866,0.6312920238782002,0.8712764479678314,Broad-Based Opportunity Leader
51720,Norton city,2463.0,2291.0,-172.0,-0.0698335363377994,-265.8148412770071,0.0,0.0,0.0,0.0,0.2700444168734964,8,,False,62,Health Care and Social Assistance,2.488943953261717,-0.107923199868862,-0.107923199868862,-0.6157778241044292,-1.0156093987251333,-0.8156936114147812,-0.0698335363377994,-0.7384653103835767,-1.0156093987251333,-0.877037354554355,False,1.2495990982354623,1.2495990982354623,-0.7535097732566162,,,4,3,-0.6687075524405108,,,0.0,0.0,0.0,-0.7003328303230796,-0.6115735048409917,-0.6398740377905857,-0.6527373416237457,False,,,,Not Ranked — Data Coverage / Scale
51730,Petersburg city,4442.0,3943.0,-499.0,-0.1123367852318775,-321.4021733502776,0.0,0.0,0.0,0.0,0.2895509094247761,9,,False,62,Health Care and Social Assistance,3.110599198927249,-0.0723552844102381,-0.0723552844102381,-0.9380387988111393,-0.6729414401270654,-0.8054901194691023,-0.1123367852318775,-1.1349191179324343,-0.6729414401270654,-0.9039302790297499,False,1.41356880837499,1.41356880837499,-0.5188048657846822,,,5,5,0.575182020630649,,,0.0,0.0,0.0,-0.7003328303230796,-0.6115735048409917,-0.6398740377905857,-0.6527373416237457,False,,,,Not Ranked — Data Coverage / Scale
51735,Poquoson city,497.0,557.0,60.0,0.1207243460764587,81.0705203468139,0.0,0.0,0.0,0.0,0.27646503292516644,5,,False,81,Other Services,5.017498421623226,0.16311975924912253,0.16311975924912253,0.8290380552158344,1.5956692296607198,1.212353642438277,0.1207243460764587,1.0389846494971615,1.5956692296607198,1.3173269395789406,False,1.794671628377295,1.794671628377295,0.02670260647846165,,,5,3,-0.6687075524405108,,,0.0,0.0,0.0,-0.7003328303230796,-0.6115735048409917,-0.6398740377905857,-0.6527373416237457,False,,,,Not Ranked — Data Coverage / Scale
51740,Portsmouth city,22707.0,22346.0,-361.0,-0.0158981811776104,-1968.937890423348,1.0,10500000.0,53.0,1.0,0.1311398900231678,13,0.8688601099768322,True,71,"Arts, Entertainment, and Recreation",2.767075772366427,-0.08671061304546387,-0.08671061304546387,-0.2068382588398832,-0.811243364628646,-0.5090408117342646,-0.0158981811776104,-0.2353772530907117,-0.811243364628646,-0.5233103088596789,True,1.3262990432849944,1.3262990432849944,-0.6437220966751646,0.5475092595304013,-0.048106418572381626,6,6,1.1971268071662289,0.5475092595304013,0.8723180333483151,16.166885910365842,3.9889840465642745,0.6931471805599453,1.2369705184120383,1.0273298153602057,0.7334049797616804,1.0524011294612337,True,0.3590874704933471,0.21052048146690183,0.5256627691310843,Investment-Led Renewal
51750,Radford city,2705.0,2490.0,-215.0,-0.0794824399260628,-139.70784316141535,0.0,0.0,0.0,0.0,0.21224173803648325,9,,False,31-33,Manufacturing,4.678953395076342,-0.05164800116873026,-0.05164800116873026,-0.6889361156730078,-0.4734435953704919,-0.5811898555217498,-0.0794824399260628,-0.8284665377196788,-0.4734435953704919,-0.6509550665450854,False,1.7367669543246156,1.7367669543246156,-0.05618167229572152,,,4,3,-0.6687075524405108,,,0.0,0.0,0.0,-0.7003328303230796,-0.6115735048409917,-0.6398740377905857,-0.6527373416237457,False,,,,Not Ranked — Data Coverage / Scale
51760,Richmond city,116762.0,126087.0,9325.0,0.079863311693873,4683.077992472754,2.0,60000000.0,166.0,2.0,0.0955740059897347,20,0.9044259940102652,True,55,Management of Companies and Enterprises,2.668388287347664,0.040107894627299585,0.040107894627299585,0.5192284027708627,0.41054988854168206,0.4648891456562724,0.079863311693873,0.6578487814666604,0.41054988854168206,0.5341993350041712,True,1.2997524068471744,1.2997524068471744,-0.6817207358355787,1.3663616300621175,0.3423204471132694,8,8,2.4410163802373885,1.3663616300621175,1.903689005149753,17.909855136853043,5.117993812416755,1.0986122886681098,1.4458332603115698,1.4911917491748845,1.5367217080569466,1.4821543454059714,True,1.2505094721555747,1.1346372381282057,1.3242282402085657,Broad-Based Opportunity Leader
51770,Roanoke city,50679.0,51089.0,410.0,0.0080901359537481,-2685.4063077550027,1.0,85000000.0,435.0,1.0,0.1332465135349848,13,0.8667534864650153,True,55,Management of Companies and Enterprises,2.3991535928410808,-0.05298854175802606,-0.05298854175802606,-0.02495808117180996,-0.4863586144608352,-0.2556583478163226,0.0080901359537481,-0.011623542236348835,-0.4863586144608352,-0.24899107834859202,True,1.2235264573485582,1.2235264573485582,-0.7908299390463989,0.49900733968925387,-0.1459112996785725,5,5,0.575182020630649,0.49900733968925387,0.5370946801599514,18.258161826219297,6.077642243349034,0.6931471805599453,1.4875713983449084,1.8854703377381592,0.7334049797616804,1.4958976903855632,True,0.462361129312937,0.33581240295080206,0.6847901566976332,Investment-Led Renewal
51775,Salem city,11216.0,11053.0,-163.0,-0.0145328102710413,152.4799013739015,2.0,9000000.0,95.0,2.0,0.13583974966529744,13,0.8641602503347026,True,42,Wholesale Trade,5.904836871147003,0.013594855685975526,0.013594855685975526,-0.19648597352909025,0.15511830608576435,-0.02068383372166295,-0.0145328102710413,-0.2226416032589838,0.15511830608576435,-0.033761648586609724,True,1.932222161838813,1.932222161838813,0.22359131965194537,0.43930187726748715,0.33144659845971625,4,4,-0.046762765904930885,0.43930187726748715,0.19626955568127813,16.012735246411598,4.564348191467836,1.0986122886681098,1.2184984020660683,1.2637223896096188,1.5367217080569466,1.3002326582816641,True,0.3802478496242195,0.3020465740674114,0.5688454354410662,Investment-Led Renewal
51790,Staunton city,7762.0,7716.0,-46.0,-0.0059263076526668,-158.3515654320519,0.0,0.0,0.0,0.0,0.12773709173559897,13,0.872262908264401,True,61,Educational Services,3.3722810711925524,-0.020400871609385713,-0.020400871609385713,-0.13123119901702576,-0.17240289731198918,-0.15181704816450747,-0.0059263076526668,-0.14236348754982955,-0.17240289731198918,-0.15738319243090937,True,1.4752848571756958,1.4752848571756958,-0.43046501624187844,0.6258537044933808,0.0976943441257512,7,7,1.8190715937018087,0.6258537044933808,1.2224626490975947,0.0,0.0,0.0,-0.7003328303230796,-0.6115735048409917,-0.6398740377905857,-0.6527373416237457,True,0.20172431480585792,0.15749973018907457,0.058428900350507296,"Structurally Strong, Slower Momentum"
51800,Suffolk city,24625.0,35613.0,10988.0,0.4462131979695432,9601.941197828708,0.0,0.0,0.0,0.0,0.1460208050319927,16,0.8539791949680073,True,48-49,Transportation and Warehousing,5.531843029961765,0.3899265461047191,0.20858674600625912,3.2969048041468287,2.0337066950218166,2.6653057495843226,0.2169788118724288,1.9368089441409164,2.0337066950218166,1.9852578195813666,True,1.8766891438889393,1.8766891438889393,0.1441018101048994,0.20489799421775917,0.17449990216132927,1,1,-1.9125971255116705,0.20489799421775917,-0.8538495656469557,0.0,0.0,0.0,-0.7003328303230796,-0.6115735048409917,-0.6398740377905857,-0.6527373416237457,True,0.3320714444501758,0.6059265717718474,0.07832753953082494,Momentum-Led Growth
51810,Virginia Beach city,144996.0,143239.0,-1757.0,-0.0121175756572595,-4695.99505754949,3.0,48703000.0,476.0,2.0,0.11307194603248397,15,0.8869280539675161,True,99,Unclassified,1.7701563870605777,-0.0323870662469964,-0.0323870662469964,-0.17817358845183673,-0.28788014119509403,-0.23302686482346538,-0.0121175756572595,-0.20011323228330055,-0.28788014119509403,-0.24399668673919728,True,1.018903776028178,1.0834401683809647,-0.9913483119961821,0.9634971976763512,-0.013925557159915447,4,4,-0.046762765904930885,0.9634971976763512,0.45836721588571017,17.70125120833084,6.1675164908883415,1.3862943611198906,1.4208359236862,1.9223958307893585,2.1066839973139464,1.7586295012530127,True,0.5024872261775728,0.367237721646717,0.767762959245159,Investment-Led Renewal
51820,Waynesboro city,6500.0,7377.0,877.0,0.1349230769230769,943.437355734392,1.0,4600000.0,0.0,1.0,0.13927978471720673,14,0.8607202152827933,True,48-49,Transportation and Warehousing,2.288456745202504,0.14514420857452184,0.14514420857452184,0.9366932806700686,1.4224894080457293,1.179591344357899,0.1349230769230769,1.1714248994303258,1.4224894080457293,1.2969571537380276,True,1.1904183803209316,1.1904183803209316,-0.8382205708205874,0.360100110362997,-0.23906023022879522,5,5,0.575182020630649,0.360100110362997,0.46764106549682305,15.341567078850604,0.0,0.6931471805599453,1.1380712656472585,-0.6115735048409917,0.7334049797616804,0.3572801002748428,True,0.7717772594878098,0.8602269165730292,0.6722915058803922,Broad-Based Opportunity Leader
51830,Williamsburg city,2468.0,2044.0,-424.0,-0.1717990275526742,-372.8350589533408,0.0,0.0,0.0,0.0,0.20456442367612893,8,,False,55,Management of Companies and Enterprises,5.64482263830862,-0.15106769001350925,-0.15106769001350925,-1.388883396980584,-1.4312714967701883,-1.4100774468753863,-0.16726969521561433,-1.6473119794067361,-1.4312714967701883,-1.5392917380884623,False,1.8938380008095423,1.8938380008095423,0.16864854421435554,,,5,5,0.575182020630649,,,0.0,0.0,0.0,-0.7003328303230796,-0.6115735048409917,-0.6398740377905857,-0.6527373416237457,False,,,,Not Ranked — Data Coverage / Scale
51840,Winchester city,19235.0,18533.0,-702.0,-0.0364959708864049,-1476.5748987583174,1.0,1900000.0,0.0,1.0,0.22638238826879228,12,0.7736176117312077,True,61,Educational Services,2.6707506662882405,-0.07676500643401703,-0.07676500643401703,-0.3630113505699321,-0.7154255279457932,-0.5392184392578626,-0.0364959708864049,-0.427505440220426,-0.7154255279457932,-0.5714654840831096,True,1.300396182373729,1.300396182373729,-0.6807992407907677,-1.6453097180740843,-1.163054479432426,3,3,-0.6687075524405108,-1.6453097180740843,-1.1570086352572977,14.45736497045232,0.0,0.6931471805599453,1.0321159372645468,-0.6115735048409917,0.7334049797616804,0.3148979689217581,True,-0.5548147237428585,-0.5698557388343926,-0.39258304823341883,Forward-Looking Turnaround Signal
